y(CrimePerPop),Linear Regression y_predict,Neural Network y_predict,SVM y_predict
0.2,0.211996809,0.231163449,0.18374762
0.67,0.341230323,0.331297176,0.318483958
0.43,0.340693965,0.348457755,0.329820935
0.12,0.369572959,0.385720109,0.153497958
0.03,0.007305476,0.029725028,0.106467885
0.14,0.217319955,0.22513516,0.185345539
0.03,0.044166461,0.067400284,0.103253268
0.55,0.387286391,0.401496672,0.407251238
0.53,0.254825149,0.26067318,0.239417083
0.15,0.088551249,0.111279244,0.100388668
0.24,0.398423647,0.417442625,0.377096541
0.08,0.072748206,0.077859215,0.125824728
0.06,0.002028045,0.018489742,0.098502317
0.09,0.021414757,0.039080195,0.1092812
0.21,0.257695785,0.208557919,0.266764917
0.3,0.138522684,0.160277326,0.165404372
0.49,0.497075505,0.511609167,0.59023576
0.07,0.036376432,0.043028573,0.09777316
0.15,0.062850129,0.081859451,0.107134023
0.03,0.096924859,0.094214798,0.115345664
0.34,0.323448085,0.29987156,0.303185852
0.69,0.545069531,0.484848299,0.590110607
0.21,0.232535146,0.230617364,0.226551372
0.63,0.207937865,0.230105572,0.243701897
0.31,0.384774189,0.440585488,0.344729485
0.12,0.17208462,0.179584392,0.141589985
0.84,0.513387887,0.518127963,0.697383425
0.1,0.10198791,0.102229972,0.10341863
0.49,0.330221833,0.314064625,0.353624343
0.02,0.024035415,0.04166405,0.087374755
0.16,0.100980797,0.110830359,0.092074981
0.19,0.297357403,0.304380402,0.227477731
0.15,0.278973415,0.321474493,0.173504879
0.31,0.38513903,0.395536988,0.410194783
0.08,0.143941701,0.158455108,0.099523712
0.24,0.327329242,0.332636689,0.339668523
0.11,0.136131225,0.153347474,0.136883709
0.22,0.231629465,0.23871754,0.216028038
0.13,0.243842462,0.239464733,0.254008173
0.07,0.186186462,0.170522986,0.113722999
0.11,0.132287066,0.110379298,0.143169917
0.06,0.139930658,0.149864832,0.129621858
0.8,0.498370076,0.512624616,0.348200237
0.22,0.389483825,0.205318332,0.284450748
0.17,0.050843799,0.048349774,0.090475355
0.16,0.115330635,0.13124351,0.136950203
0.2,0.245838261,0.25150595,0.223878247
0.12,0.232171967,0.241790255,0.204177112
0.11,0.141138812,0.151902235,0.128999936
0.12,0.164704521,0.171833817,0.151483923
0.2,0.32213425,0.312355921,0.325352234
0.68,0.364545175,0.361668997,0.388377792
0.23,0.227367539,0.233727574,0.224633198
0.05,0.015450282,0.021746481,0.095694273
0.1,0.183658933,0.178904951,0.138543111
0.28,0.305923695,0.28079513,0.335296841
0.22,0.221140201,0.226395064,0.179632496
0.22,0.235615789,0.219407737,0.213184565
0.55,0.346845513,0.329912678,0.370257662
0.05,0.10194684,0.121414304,0.118898904
0.03,0.073296476,0.063148163,0.107741778
0.07,0.235707005,0.243567023,0.218968541
0.07,0.138782758,0.152742168,0.141332018
0.57,0.327428449,0.323069665,0.357952609
0.37,0.376009065,0.354752855,0.397264711
0.14,0.113166379,0.111954275,0.112897316
0.61,0.405729236,0.402418642,0.43392048
0.03,0.115676262,0.105970794,0.126598088
0.5,0.474998839,0.493446357,0.422559618
0.05,0.131246551,0.147298235,0.122279504
0.04,0.035143412,0.033315833,0.098866507
0.21,0.113028235,0.112671923,0.137994902
0.05,0.073358095,0.099824304,0.111840488
0.02,0.012636893,0.021593907,0.087937919
0.14,0.228176364,0.244267668,0.222891239
0.18,0.233395854,0.231364784,0.165631737
0.12,0.337629382,0.330004498,0.254809112
0.68,0.549979396,0.509563579,0.574974323
0.7,0.355137387,0.346787476,0.39085204
0.75,0.331383094,0.344045388,0.31787006
0.3,0.398902116,0.385274096,0.377368962
0.24,0.33633012,0.303948551,0.24372293
1,0.229034537,0.243428139,0.244153475
0,-0.017738207,-0.002933393,0.102168957
0.03,0.080614162,0.126208504,0.097860684
0.06,0.113849953,0.117000322,0.121452894
0.08,0.151284626,0.138384387,0.197792508
0.1,0.124661637,0.117617477,0.13152616
0.27,0.192961581,0.201560202,0.175286043
0.15,0.190126393,0.182113217,0.178067072
0.63,0.305701638,0.233490321,0.348867468
0.05,0.194558721,0.216233782,0.209264937
0.03,0.072051873,0.065990801,0.108433028
0.12,0.096004235,0.118079162,0.105794992
0.4,0.176053163,0.18451837,0.174741637
0.37,0.211524698,0.218485324,0.187848178
0.45,0.286949421,0.266997688,0.297729199
0.04,0.023314346,0.053856938,0.107849759
0.09,0.020610095,0.04161871,0.104358657
0.09,0.22203068,0.235246191,0.20333969
0.39,0.363507544,0.352077696,0.371923504
0.02,0.156838129,0.139874122,0.140874264
0.34,0.437835373,0.369602999,0.439906658
0.28,0.324502472,0.32113517,0.314849579
0.08,0.047091029,0.085456247,0.104716095
0.44,0.502739822,0.483168308,0.540109367
0.24,0.175540693,0.191932429,0.180437171
0.09,0.058398205,0.078700652,0.108040206
0.26,0.233102411,0.23795231,0.270723933
0.4,0.483941877,0.479394706,0.449273882
0.56,0.42324697,0.400328748,0.459528007
0.05,0.021176925,0.045384984,0.103101104
0.06,0.025685202,0.04717489,0.109955873
0.2,0.28973483,0.29485791,0.237128333
0.51,0.430516256,0.405285284,0.439158318
0.04,0.002405571,0.009890763,0.000502256
0.86,0.834731527,0.733971486,0.959956704
0.05,0.026453361,0.034544887,0.095017336
0.06,0.149649864,0.149297044,0.142250089
0.68,0.501536127,0.322651615,0.579647097
0.22,0.236454333,0.216292694,0.213099186
0.05,0.087360675,0.088991976,0.128530501
0.03,-0.004540518,0.026481111,0.118599377
0.09,0.116504701,0.137010524,0.140277115
0.17,0.077635814,0.101622151,0.100541318
0.17,0.117186303,0.125444155,0.11727345
0.17,0.100853713,0.1142366,0.126458861
0.14,0.292340953,0.287018959,0.272782621
0.62,0.407552143,0.408902515,0.346875801
0.03,0.058731039,0.067898375,0.082685072
0.23,0.595168347,0.585115064,0.42391355
0.15,0.074241339,0.087970317,0.107835293
0.13,0.160114049,0.185245875,0.188982656
0.27,0.17415236,0.187623587,0.172613093
0.08,0.121962576,0.123167565,0.038520876
0.06,0.075363176,0.078702724,0.11125273
0.09,-0.01992828,0.003651989,0.095050207
0.16,0.280478453,0.282970275,0.223551109
0.38,0.257509413,0.261654833,0.249466628
0.02,0.047977481,0.046253405,0.105630101
0.08,0.105173802,0.113285086,0.137147556
0.09,0.090851971,0.09578275,0.103690737
0.3,0.571166285,0.564017535,0.534202572
0.05,0.06151068,0.037370567,0.118042753
0.17,0.204087949,0.224950815,0.193508521
0.53,0.399144245,0.392077621,0.407088837
1,0.681863463,0.673081819,0.673708052
0.05,0.160613462,0.176277123,0.126118858
0.63,0.456394747,0.447107017,0.530195856
1,0.375236258,0.350231999,0.422066863
0.21,0.274300725,0.290001849,0.268824915
0.86,0.501870778,0.48002839,0.545483469
0.03,0.078087098,0.079869151,0.101035363
0.26,0.028990851,0.046279232,0.096612691
0.87,0.550714437,0.506289269,0.616820032
0.44,0.608796806,0.621257738,0.540279572
0.03,0.068111433,0.071984811,0.1114158
0.73,0.580047212,0.586054206,0.507468719
0.48,0.382096069,0.359690985,0.424863685
0.06,0.06669809,0.081874453,0.125565382
0.07,0.106133391,0.120986031,0.085847124
0.03,0.130913917,0.114580001,0.144338352
0.17,0.057657443,0.073005123,0.101603254
0.11,0.064066856,0.076886164,0.101809253
0.05,0.028060216,0.030547506,0.094918457
0.25,0.19484723,0.201539156,0.181497263
0.05,0.060250277,0.082984438,0.029346326
0.15,0.191481367,0.177384168,0.202222469
0.46,0.405945845,0.410509131,0.386161738
0.45,0.228489553,0.223854348,0.190200814
0.23,0.308095239,0.29265149,0.30657792
0.08,0.103342877,0.088026385,0.124063776
0.08,0.097903452,0.123523498,0.110209205
0.2,0.376965767,0.361899899,0.310034861
0.73,0.469200087,0.400352945,0.547481654
0.17,0.139161179,0.142705196,0.142484397
0.07,0.028358204,0.041991006,0.1026747
0.83,0.798231193,0.685659224,0.910934224
0.1,0.183045588,0.185213428,0.15899831
0.25,0.17018987,0.186473426,0.149758573
0.12,0.323616491,0.328511005,0.318236525
0.25,0.234025588,0.227585171,0.215575377
0.3,0.267909885,0.287180931,0.282128871
0.02,0.014672253,0.019615706,0.102797241
0.19,0.135131695,0.156627622,0.137083218
0.36,0.420129349,0.431936326,0.418890501
0.12,0.155104798,0.149322581,0.131495933
0.01,0.072336613,0.065289419,0.109832417
0.06,0.070228397,0.075855634,0.118770426
0.1,0.057640441,0.071816573,0.104031861
0.1,0.302233189,0.302823269,0.246618227
0.21,0.147945542,0.155209282,0.135878251
0.1,0.100041812,0.130018667,0.072652885
0.07,0.076033918,0.087690756,0.117937003
0.02,0.01249794,0.02275139,0.097521166
0.03,0.019210991,0.037313828,0.101355732
0.01,0.12099021,0.132543793,0.110307167
0.41,0.692699125,0.672235091,0.553281603
0.26,0.382993428,0.260350637,0.360064682
0.42,0.431274146,0.434579264,0.436940578
0.18,0.302055638,0.279055499,0.280185395
0.13,0.072519621,0.070666215,0.111748382
0.29,0.262766338,0.244797983,0.179273079
0.68,0.378620555,0.379328472,0.364633795
0.05,0.047436486,0.084945309,0.103153176
0.16,0.241044259,0.22184044,0.260239385
0.26,0.225919371,0.227487904,0.17314732
0.19,0.069093917,0.092011551,0.105894689
0.03,0.04278812,0.060297873,0.100839534
0.15,0.075181335,0.097757413,0.088130972
0.29,0.4338455,0.434788502,0.361847452
0.01,0.055947123,0.066265846,0.092903572
0.66,0.461268566,0.42467195,0.496136874
0.05,0.100696852,0.101982403,0.098909301
0.27,0.093774695,0.091046661,0.14630826
0.49,0.298550166,0.26358394,0.304416931
0.08,0.144520592,0.156191446,0.187015523
0.04,0.035684625,0.032292222,0.118905295
0.16,0.473020261,0.472895679,0.451131354
0.06,0.118886551,0.145581713,0.114176224
0.04,0.033281879,0.071657552,0.096540688
0.31,0.416852895,0.407910388,0.41378109
0.36,0.538213088,0.570005246,0.491370827
0.05,0.034234431,0.054767895,0.097524702
0.16,0.065892901,0.090216133,0.10861162
0.1,0.384122997,0.386713061,0.377724028
0.74,0.386867503,0.37135933,0.467707143
0.19,0.266537131,0.274210507,0.209971378
0.63,0.496239807,0.52083494,0.401395276
0.42,0.60364472,0.587942992,0.602145162
0.04,0.186076779,0.190849369,0.182721704
0.06,0.093060286,0.095937691,0.112477929
0.2,0.178330787,0.187813943,0.17880385
0.88,0.705281003,0.704279197,0.805824881
0.12,0.058603119,0.076724647,0.103164824
0.11,0.285290113,0.293679965,0.307306339
0.27,0.277865556,0.276915239,0.322274962
0.02,0.026565799,0.047404299,0.120983953
0.37,0.126461951,0.144539436,0.123720434
0.18,0.290202727,0.284073008,0.242238675
0.04,0.021252636,0.036779388,0.095717197
0.12,0.22296934,0.246120533,0.203930207
0.32,0.286807412,0.296398685,0.281432348
0.54,0.602709741,0.528862191,0.544295994
0.18,0.2194898,0.218767742,0.230508216
0.25,0.211461453,0.209350609,0.196753103
0.7,0.425447554,0.415355122,0.465213394
0.22,0.268605576,0.248268989,0.256475273
1,0.646267138,0.643441428,0.548767352
0.03,0.162343558,0.185862532,0.15305906
0.74,0.519358202,0.489660794,0.601206605
0.63,0.449467141,0.430172118,0.529489031
0.05,0.012776926,0.02240168,0.096869806
0.09,0.276915414,0.270758727,0.254354592
0.04,0.010115061,0.017420341,0.094089579
0.93,0.569922782,0.542263053,0.611086779
0.19,0.290953531,0.287255283,0.30680221
0.06,0.053582925,0.059969309,0.116413341
0.03,0.192968504,0.190865453,0.196432146
0.1,0.266124949,0.200905627,0.219047648
0.53,0.149151344,0.158992858,0.152111772
0.59,0.429506745,0.416056299,0.501048781
0.67,0.780148445,0.784509227,0.754967848
0.01,0.01428791,0.035791009,0.109890515
0.05,0.066962717,0.08205129,0.112440942
0.14,0.151444795,0.158321401,0.156822338
0.35,0.548451528,0.542521339,0.553515415
0.17,0.197619467,0.220221587,0.176121399
0.05,0.010691931,0.063873719,0.106532632
0.69,0.177575576,0.191842279,0.134203573
0.11,0.09527245,0.100783153,0.121758122
0.24,0.224914628,0.211402429,0.194951756
0.35,0.342498603,0.316511273,0.320275073
0.27,0.408981556,0.402893345,0.422362496
0.13,0.035720654,0.06041769,0.114719066
0.36,0.431918139,0.409351466,0.459788945
0.34,0.545904239,0.526953498,0.602564666
0.08,0.163616434,0.173905795,0.201788922
0.05,0.114355892,0.119938103,0.125687382
0.03,0.051529359,0.093509028,0.114182015
0.03,0.136046981,0.131561121,0.129871998
0.12,0.236551572,0.241069041,0.220040186
0.06,0.076733999,0.092932944,0.089510184
0.32,0.265118596,0.267756533,0.219956764
0.19,0.241265995,0.244892503,0.232189986
0.14,0.402334284,0.378530491,0.364198365
0.51,0.458541865,0.44493131,0.506691304
0.01,-0.070794902,-0.039519205,0.096316011
0.59,0.305755301,0.287858202,0.339780052
0.09,0.074181609,0.079245426,0.112081727
0.1,0.167486103,0.166794913,0.186191342
0.09,0.311433177,0.339931083,0.203003318
0.03,-0.011224705,0.017812947,0.107379683
0.28,0.344104969,0.359810282,0.35405529
0.1,0.146656523,0.132475508,0.143159556
0.12,0.098927657,0.105443103,0.120129688
0.67,0.616506863,0.580382603,0.707379057
0.02,0.018302379,0.025352513,0.090170301
0.29,0.259416115,0.245158754,0.263752906
0.36,0.367843063,0.344758088,0.345817867
0.11,0.130936851,0.145035699,0.140565669
0.03,0.129276996,0.142754769,0.141653262
0.35,0.291371096,0.304640809,0.289906432
0.25,0.266597374,0.262575326,0.277363078
0.06,0.180950469,0.186665102,0.149336368
0.45,0.214309486,0.16058124,0.139094051
0.23,0.384383188,0.343164298,0.375401198
0.32,0.319573397,0.309303857,0.348015037
0.04,0.083746998,0.090024589,0.120994849
0.02,0.045838362,0.04847159,0.093140992
0.16,0.109406066,0.123911246,0.117937041
0.12,0.161793531,0.163302966,0.150800828
0.2,0.213628018,0.208927444,0.219156723
0.51,0.430730803,0.41293272,0.41262927
0.18,0.159521636,0.161994145,0.158467006
0.3,0.424056992,0.412997681,0.503425745
0.37,0.539907663,0.55356908,0.47026998
0.31,0.359072912,0.410438609,0.371029881
0.04,0.104554754,0.107136135,0.125219736
0.18,0.275331923,0.275428619,0.282480459
0.48,0.195975074,0.203617135,0.234098152
0.09,0.160841627,0.154623824,0.17322062
0.07,0.142303521,0.156396248,0.136234591
0.27,0.420252215,0.393107187,0.328071485
0.3,0.260798559,0.255254561,0.247160247
0.34,0.377807217,0.346182645,0.264213428
0.07,0.114102137,0.135539515,0.110417719
0.17,0.092643803,0.10391455,0.111828107
0.17,0.319422106,0.328320385,0.289965826
0.34,0.383645904,0.394869383,0.363254009
0.07,0.117781819,0.130236223,0.139100681
0.35,0.163309463,0.171432248,0.159826462
0.04,0.026588342,0.036590092,0.10959096
1,0.886803606,0.843990872,0.976047435
0.48,0.318683685,0.313610028,0.319049871
0.03,0.01594027,0.026855132,0.105920949
0.07,0.144099998,0.123962554,0.115571653
0.05,0.019842036,0.043407058,0.107165057
0.12,0.258553081,0.264425988,0.237570852
0.04,0.125289703,0.128022682,0.123424287
0.08,0.164290048,0.155586429,0.128038551
0.1,0.094674872,0.102118658,0.112500164
0,0.048764671,0.046962853,0.100381264
0.04,0.085220616,0.104430045,0.09918987
0.02,0.127649838,0.147141119,0.121380681
0.18,0.170702709,0.193876748,0.157071579
0.58,0.542558068,0.413957309,0.594136156
0.08,0.199037817,0.223166699,0.174162889
0.04,0.06717102,0.061281107,0.108642185
0.09,0.038996043,0.073534276,0.077708513
0.06,0.064149796,0.078762029,0.103885979
0.08,0.127976012,0.139174002,0.133652613
0.08,0.045166178,0.085541861,0.109484943
0.1,0.097511982,0.116985837,0.13201922
0.03,0.052727585,0.05117612,0.109356799
0.28,0.193561871,0.226653974,0.18034342
0.06,0.10378483,0.116087814,0.112487838
0.04,0.071053285,0.070236681,0.105874942
0.03,0.165646933,0.176990802,0.136754813
0.07,0.060532294,0.081683788,0.086745905
0.41,0.237494741,0.229600128,0.212529427
0.22,0.304774019,0.308545589,0.271654026
1,0.804193824,0.728642794,0.933112221
0.1,0.118561624,0.126823429,0.136865366
0.06,0.159580999,0.181053023,0.140435543
0.45,0.411194483,0.418977966,0.440489128
0.32,0.374761041,0.37504765,0.409236136
0.14,0.289118767,0.306574373,0.224159235
0.09,0.160830438,0.179858425,0.138006979
0.07,0.091835358,0.109676454,0.133188177
0.6,0.503472244,0.480114692,0.569718304
0.18,0.321369883,0.311776925,0.319340128
0.03,0.029816801,0.070892507,0.118770747
0.04,0.03882057,0.063252367,0.113425078
0.51,0.431032001,0.436594934,0.375917197
0.83,0.060327815,0.06648362,0.108589653
0.02,0.022234428,0.038804136,0.102768748
0.08,0.138468231,0.145396467,0.160579899
0.26,0.479543544,0.456593354,0.464860164
0.23,0.283745407,0.288990272,0.239973299
0.49,0.492954588,0.509736615,0.57105618
0.03,0.086026137,0.091253292,0.1300139
0.04,0.031450712,0.048605186,0.108397936
0.15,0.115758236,0.164621125,0.140021253
0.54,0.566467623,0.52000497,0.50582384
0.31,0.275307727,0.303629361,0.263950808
0.39,0.268348682,0.279971771,0.298759088
0.43,0.240284243,0.231340866,0.263678009
0.5,0.289203854,0.287490478,0.303532874
0.03,0.047526352,0.06385525,0.100648014
0.08,0.077839443,0.105670746,0.069940703
0.04,0.08022403,0.084477449,0.128650559
0.22,0.301166844,0.291101597,0.301394869
0.58,0.351989469,0.322989391,0.394574847
0.01,0.014223498,0.014673152,0.093073159
0.1,0.093517433,0.10695721,0.101530808
0.39,0.45069383,0.389326648,0.352586875
0.09,0.190525675,0.197121817,0.167901415
0.18,0.420934228,0.401479672,0.417299591
0.8,0.526746715,0.463344135,0.699651108
1,0.375719308,0.361965988,0.37103762
0.4,0.678345426,0.682163524,0.700054775
0.05,0.340570628,0.3206372,0.344241871
0.21,0.384872787,0.343371565,0.331084006
0.68,0.288457914,0.293109279,0.290616427
0.32,0.460097035,0.44790307,0.456126625
0.2,0.176550046,0.203240797,0.152141648
0.62,0.411017662,0.399159337,0.401756102
0.53,0.565265762,0.566279802,0.530353934
0.25,0.314280989,0.301196175,0.316824573
1,0.762571301,0.721613607,1.006161661
0.2,0.308107225,0.32315663,0.263832174
0.21,0.244023771,0.261020427,0.241686044
1,1.016034518,0.877418113,0.90020966
0.1,0.162435788,0.169774009,0.170859816
0.14,0.103022223,0.105833907,0.103407182
0.01,0.074664789,0.091704484,0.101413865
0.13,0.193565907,0.168831834,0.12005056
0.22,0.07666317,0.0593755,0.120103931
0.1,0.194608757,0.180719874,0.202268933
1,0.55787594,0.534734304,0.608336784
0.69,0.211947067,0.203313249,0.178608135
0.06,0.09300078,0.080561601,0.082299042
0.66,0.429068376,0.41282288,0.358198777
0.03,0.031008702,0.057890578,0.110425658
0.16,0.273345927,0.265547606,0.238203989
0,-0.001269962,0.006873485,0.065730386
0.76,0.48623234,0.494055039,0.523785306
0.71,0.156689671,0.168214387,0.200104759
0.42,0.511876321,0.333972471,0.491003549
0.03,0.110720832,0.106851971,0.130320807
0.53,0.625023833,0.526033537,0.760909257
0.06,0.059092855,0.077836733,0.114183811
0.18,0.562376001,0.545223323,0.515457258
0.04,0.100553531,0.110343228,0.114985277
0.1,0.123338612,0.107900136,0.135494558
0.06,0.19818616,0.203831756,0.19892816
0.04,0.107808919,0.110228238,0.089075172
0.16,0.335450218,0.310503675,0.302594535
0.24,0.301754164,0.283064075,0.257671026
0.2,0.153862437,0.15598345,0.147509151
0.35,0.312290868,0.326525866,0.280928951
0.04,0.115326947,0.119094058,0.114179053
0.05,0.088663119,0.108057687,0.099865426
0.72,0.633044315,0.591425897,0.807888847
0.06,0.149227623,0.154606124,0.161367593
0.62,0.277169068,0.264891287,0.26665974
1,0.739743224,0.718488468,0.802025585
0.03,0.066752086,0.05579009,0.103711894
0.05,0.046893253,0.066009241,0.09927722
0.63,0.544298811,0.556325199,0.417493667
0.05,0.050644194,0.0778816,0.104297901
0.2,0.315052523,0.316326583,0.305761753
0.07,0.269697069,0.270102513,0.298902075
0.64,0.476427806,0.472777162,0.613295344
0.1,0.08229578,0.072573511,0.114347896
0.11,0.11342305,0.138325336,0.121049681
1,0.721622137,0.666212114,0.900106316
0.07,0.190223357,0.194550081,0.197631572
0.02,-0.008244616,0.013862967,0.094865383
0.55,0.589553085,0.579388167,0.527771025
0.04,0.002078192,0.021755978,0.104200953
1,0.468647871,0.490958313,0.520429418
0.37,0.151841522,0.146746688,0.208566892
0.33,0.3447866,0.32057846,0.374790897
0.09,0.181544851,0.180005749,0.159223111
0.28,0.119701015,0.126451692,0.123205499
0.12,0.16524264,0.166230471,0.148976248
0.15,0.19843754,0.205843037,0.194555852
0.03,0.151036505,0.156303979,0.135585135
0.22,0.369997364,0.344323466,0.324894796
0.05,0.020493508,0.029452464,0.111124279
0.78,0.455892623,0.453121605,0.457828324
0.46,0.334757858,0.342352512,0.318721534
0.34,0.553661538,0.542199259,0.415832505
0.22,0.293001891,0.265693596,0.275759357
0.14,0.366845484,0.381354092,0.334730817
0.37,0.38008563,0.416008115,0.346751712
0.06,-0.000728861,0.037535615,0.097303518
0.24,0.308889976,0.315862672,0.295993361
0.4,0.174886994,0.163740741,0.151005812
0.22,0.133000988,0.115703444,0.156310937
0.69,0.376704999,0.362849774,0.410578865
0.11,0.22947538,0.225839242,0.211498223
0.02,0.03108651,0.036448963,0.100704004
0.25,0.473453249,0.482273665,0.46312816
0.1,0.148362864,0.151697487,0.14125939
0.05,0.211269387,0.209619195,0.207930698
0.16,0.26900455,0.26516534,0.259579625
0.04,0.110313519,0.119601811,0.104966171
0.01,0.019698011,0.029746329,0.100907841
0.29,0.664777237,0.67750181,0.51069256
0.1,-0.011869377,0.004350319,0.103919069
0.05,0.04620121,0.047926034,0.102848584
0.36,0.523083906,0.505462067,0.530328498
0.22,0.355320138,0.322406338,0.345094387
0.17,0.311730867,0.307230893,0.266993706
0.15,0.308977996,0.296194519,0.291182213
0.14,0.050489648,0.060454861,0.088620057
1,0.653065899,0.573922302,0.803019786
0.1,0.104919753,0.118740103,0.114814021
0.24,0.157757774,0.166697989,0.193552957
0.12,0.073565699,0.078688168,0.109906148
0.04,0.0232125,0.073304718,0.114807683
0.21,0.345184178,0.346163563,0.342348372
0.7,0.478269569,0.421753221,0.619185306
0.13,0.367193376,0.361680204,0.393875933
0.13,0.174819453,0.179099493,0.159149982
0.24,0.453626804,0.394642263,0.405039408
0.04,0.092446303,0.105288457,0.095824545
0.14,0.141704361,0.156666416,0.110261156
0.22,0.264907525,0.277225625,0.268991887
0.17,0.228397058,0.222016307,0.221832046
0.22,0.245254401,0.238490326,0.237644148
0.21,0.123228774,0.135931234,0.151445522
0.03,0.087432901,0.07877741,0.113169912
0.2,0.194136258,0.193050402,0.17895769
0.09,0.119410329,0.130905523,0.137019172
0.11,0.170901862,0.200058576,0.17049582
0,0.021467949,0.052229306,0.093253403
0.13,0.158440797,0.158205629,0.150291462
0.17,0.138609614,0.155221923,0.141948391
0.46,0.516265889,0.537823423,0.526771265
0.24,0.313492549,0.318262566,0.314814587
0.08,0.208421744,0.229909667,0.1957602
0.66,0.403582766,0.398651554,0.435470803
0.25,0.661790373,0.656505813,0.539514204
0.07,0.189529496,0.183643063,0.145321015
0.56,0.432007453,0.438700794,0.469662188
0,0.089205032,0.103112976,0.103217314
0.04,0.118912374,0.115558589,0.135873147
0.15,0.067055383,0.091948756,0.110909596
0.41,0.476102267,0.475763236,0.509677368
0.2,0.176126782,0.188834229,0.169490339
0.06,0.166458879,0.161533708,0.132089102
0.2,0.217940176,0.207828981,0.2124642
0.05,0.015785125,0.045553969,0.103418069
0.18,0.318365353,0.33343177,0.291464541
0.07,0.110016355,0.105026529,0.108752562
0.91,0.527250314,0.515467026,0.474539728
0.15,0.202645735,0.199762963,0.201234745
0.13,0.185110208,0.206365774,0.179930874
0.03,0.109202122,0.13226664,0.12690498
0.05,0.022051339,0.044321471,0.09754648
0.36,0.558592639,0.506392181,0.55504427
0.86,0.421563587,0.439497218,0.481480915
0.11,0.143838737,0.120036748,0.146421525
0.18,0.109340286,0.109483065,0.143438221
0.06,0.052778964,0.067591583,0.087656037
0.28,0.249676615,0.259344865,0.179617946
0.01,0.01781112,0.046446332,0.103432802
0.05,0.171723415,0.177713315,0.143190592
0.52,0.463422358,0.464154898,0.587740565
0.21,0.353394205,0.342001337,0.298311004
0.04,0.094749845,0.099575934,0.101201942
0.55,0.540398695,0.557816663,0.450069251
0.01,0.123809533,0.135024924,0.122291629
0.36,0.353258371,0.365925305,0.352516304
0.36,0.208720875,0.185774353,0.213352178
0.07,0.133372802,0.143474324,0.120752409
0.85,0.807739721,0.788315264,0.980195369
0.08,0.029892223,0.054094923,0.080665127
0.12,0.100325284,0.103122283,0.109402739
0.25,0.269758388,0.275455593,0.267211687
1,0.854953541,0.680327147,0.825737477
0.04,0.085649663,0.109974785,0.122053659
0.36,0.195475463,0.200933381,0.194082507
0.41,0.197034426,0.206972229,0.211441102
0.33,0.396628242,0.398920463,0.38418865
0.33,0.271860404,0.257931108,0.257546778
0.19,0.150264187,0.17407734,0.1226946
0.14,0.147841015,0.137672379,0.144831881
0.07,0.139658445,0.14642562,0.142243212
0.15,0.233328534,0.268129543,0.174283684
0.08,0.079850371,0.102823224,0.113208715
0.1,0.09125201,0.111296879,0.123041462
0.04,0.111974891,0.122597475,0.122072497
0.04,-0.006588256,0.018855238,0.105328717
0.08,0.163500709,0.167827975,0.153636975
0.14,0.219146442,0.24035989,0.176127815
0.04,0.073883878,0.074554814,0.083119075
0.16,0.02316475,0.037773883,0.101578519
0.27,0.18569186,0.18473619,0.210351834
0.13,0.211603776,0.224820272,0.173937623
0.09,0.065847016,0.075785475,0.108031712
0.09,0.076024634,0.087635215,0.110177562
0.56,0.696782946,0.684497069,0.649700882
0.52,0.381251043,0.33443425,0.217030675
0.12,0.134009806,0.132317334,0.156498435
0.12,0.110926347,0.138778864,0.132713759
0.41,0.41883951,0.415036878,0.449593492
0.87,0.798141862,0.780982869,0.790861116
0.01,0.009239474,0.013071556,0.094512225
0.06,0.064909138,0.077714932,0.108374632
0.03,0.017493234,0.039290574,0.096521029
0.11,0.261488425,0.263513068,0.236449758
0.15,0.359764046,0.349684805,0.315081202
0.24,0.218112757,0.23229736,0.210764534
0.21,0.381122557,0.382663411,0.362986822
0.03,0.407860675,0.422189311,0.277780345
0.87,0.893865782,0.714008484,0.828124866
0.39,0.437515449,0.426820043,0.483348869
0.23,0.174479741,0.18338031,0.130015517
0.1,0.160534666,0.156705971,0.151538056
0.59,0.559006284,0.528857496,0.586382215
0.24,0.098217274,0.116277532,0.114710708
0.13,0.299131464,0.277923501,0.292233796
0.11,0.149985011,0.149496665,0.139308436
0.59,0.316889871,0.310457263,0.293210975
0.01,0.00189183,0.011034989,0.10180053
0.41,0.254958894,0.24258039,0.268453263
0.13,0.317768948,0.322062002,0.271661381
0.24,0.183779403,0.199327215,0.171740823
0.1,0.234364903,0.234565336,0.196737982
0.4,0.289818394,0.271284688,0.270876178
0.82,0.177859224,0.192264852,0.133836956
0.09,0.080497088,0.08986877,0.113643195
0.18,0.17632603,0.210550107,0.161314626
0.16,0.507084187,0.514458198,0.465161425
0.13,0.111000087,0.108658926,0.123571909
0.33,0.498575906,0.423163413,0.429728555
0.06,0.111620678,0.136740406,0.133159484
0.1,0.073717673,0.084424056,0.104109245
0.04,0.121832931,0.137287831,0.114114609
0.23,0.413799207,0.40438122,0.492927058
0.08,0.189744648,0.205415994,0.160280056
0.1,0.130819792,0.119305035,0.148544035
0.01,0.064840496,0.076970896,0.107499679
0.1,0.230596829,0.248041187,0.23491644
0.17,0.073468739,0.082925758,0.111326803
0.89,0.855679551,0.837044992,0.81412524
0.85,0.772721577,0.759598099,0.749927544
0.14,0.206381033,0.213684682,0.21252495
0.32,0.603428445,0.595393306,0.508723639
0.03,0.209902447,0.212036738,0.188837645
0.09,0.108060931,0.121466109,0.11257487
0.2,0.399967189,0.343328785,0.099652325
0.54,0.37937189,0.381204375,0.383329253
0.15,0.222328429,0.189698112,0.176306256
0.18,0.121510579,0.147324242,0.148480531
0.24,0.322587392,0.342744681,0.298285387
0.94,0.806299268,0.791006304,0.862017467
0.65,0.127604128,0.124998486,0.14130917
0.06,0.037522858,0.039495133,0.10386276
0.05,-0.01441817,0.000850689,0.101599355
0.26,0.138276699,0.142221006,0.143549142
0.12,0.434362996,0.378277699,0.22661883
0.03,0.02315537,0.031909043,0.093382602
0.41,0.401326862,0.374339999,0.413258078
0.01,0.117461303,0.131118423,0.132745435
0.15,0.074771961,0.101478808,0.10295444
0.15,0.148521038,0.153473253,0.134722316
0.04,-0.002645272,0.026427503,0.108703572
0.03,0.044556935,0.058781884,0.100753292
0.06,0.169956688,0.166716565,0.157738711
0.09,0.076748772,0.090093691,0.105922335
0.28,0.191284765,0.19641511,0.187494725
0.07,0.047798335,0.055097761,0.103816016
0.16,0.192273761,0.188442062,0.153093919
0.41,0.085090964,0.108861454,0.11429713
0.22,0.40934678,0.376512256,0.209325775
0.03,0.019013773,0.037071909,0.10006193
0.35,0.390211894,0.402435027,0.370494651
0.63,0.701350489,0.555886603,0.529850582
0.09,0.213893883,0.225074269,0.190018859
0.25,0.285342226,0.271994243,0.264158872
0.22,0.165783332,0.178239587,0.166231022
1,0.935945217,0.916381924,0.899937967
0.36,0.564337719,0.592169548,0.54408639
0.81,0.752750282,0.68419375,0.749203973
0.27,0.354809631,0.33591516,0.386513161
0.07,0.071841755,0.077777242,0.110682785
0.04,0.087873379,0.097352121,0.132860837
0.61,0.448105991,0.444404511,0.37084133
0.24,0.461262273,0.454820109,0.494328344
0.95,0.608611356,0.581527052,0.709007384
0.81,0.559020063,0.548363593,0.609223595
0.12,0.220895681,0.243846835,0.181935901
1,0.709961939,0.634851935,1.021521181
0.05,-0.009263626,0.015919361,0.109432022
0.38,0.583369471,0.611018769,0.492766358
0.37,0.366338973,0.319485177,0.399456065
0.53,0.91552698,0.748939651,0.71617155
0.23,0.196738356,0.19715684,0.18425048
0.26,0.311288473,0.290135934,0.305189615
0.04,0.063451071,0.064694296,0.110633375
0.18,0.172313747,0.166348238,0.189200128
0.62,0.517521909,0.568095179,0.519929583
0.5,0.325664691,0.32592072,0.298822371
0.14,0.137310619,0.149846891,0.11376598
0.06,0.036182796,0.058881212,0.104639971
0.54,0.616279201,0.591308025,0.606789093
0.61,0.519153885,0.516183964,0.709970642
0.35,0.831292813,0.793550597,0.769136981
0.38,0.283794705,0.280234542,0.289408409
0.72,0.779635686,0.653855024,0.740603408
0.04,0.022960342,0.046079917,0.099923876
0.09,0.226210519,0.221260285,0.218326146
0.51,0.361869121,0.327001968,0.310730789
0.54,0.501286909,0.536644945,0.543863173
0.45,0.47429634,0.466478296,0.531694406
0.1,0.227241898,0.223698529,0.219048279
0.07,0.246094245,0.248930871,0.248554236
0.01,0.028480142,0.058774372,0.104782844
0.16,0.228844018,0.193024658,0.197905731
0.29,0.186801874,0.209096209,0.181799113
0.42,0.277252259,0.270814703,0.319086142
0.18,0.252609589,0.257557639,0.243176772
0.36,0.296767116,0.288680221,0.284567612
0.1,0.094208693,0.107313694,0.120014816
0.03,0.019186515,0.041584652,0.098092919
0.62,0.408879121,0.394536433,0.46338461
0.08,0.005714042,0.042085026,0.112102291
0.12,0.148569538,0.163337203,0.180479908
0.23,0.198498329,0.197525773,0.164029724
0.18,0.306412669,0.315006521,0.151441705
0.28,0.269083847,0.269676376,0.274525239
0.09,0.07316816,0.089201595,0.085779678
0.2,0.173183737,0.155341699,0.199761375
0.09,0.110127431,0.107814819,0.127038653
0.16,0.173149711,0.177080266,0.1448944
0.06,0.090111572,0.086443695,0.111065303
0.23,0.208889293,0.210385676,0.17607692
0.82,0.504883089,0.480278782,0.605789225
0.15,0.136616442,0.167544314,0.146903136
0.02,0.048873643,0.051345393,0.089335792
0.9,0.880092033,0.773748061,0.876324187
0.34,0.739124868,0.701076548,0.667596348
0.01,0.136903943,0.150668957,0.137003357
0.21,0.357875114,0.347817497,0.313425473
0.06,0.14083554,0.127284084,0.137424376
0.59,0.273620677,0.249219426,0.241979132
0.66,0.676337445,0.62210997,0.760005796
0.2,0.259704674,0.257977437,0.214238691
0.1,0.123796264,0.113821594,0.124806911
0.4,0.437864866,0.473808515,0.448194569
0.17,0.256453759,0.254025628,0.231669665
0.04,0.054051434,0.081993337,0.114003328
0.28,0.30771536,0.311558209,0.271974439
0.13,0.111053418,0.117093691,0.137961249
0.27,0.46944735,0.471268422,0.37012595
0.23,0.119454763,0.129658596,0.113648192
0.59,0.535320872,0.544135872,0.482663718
0.12,0.275507695,0.284941271,0.269856793
0.01,0.049546427,0.057277459,0.10584464
0.23,0.290557828,0.288316813,0.293825348
0.02,0.041661467,0.060442406,0.097163461
0.17,0.104924474,0.119435517,0.129149444
0.07,0.073092112,0.076487239,0.091858181
0.05,0.097991839,0.114611808,0.107050654
0.12,0.35334123,0.333232421,0.22833834
0.1,0.261206455,0.27555945,0.175451433
0.11,0.241595749,0.243537597,0.22422485
0.1,0.060944032,0.09106137,0.091706352
0.11,0.08650746,0.103926536,0.115568663
0.16,0.23577699,0.234626036,0.207361744
0.05,0.102161499,0.10063482,0.122341858
0.24,0.325836922,0.345119372,0.227090745
0.33,0.342582837,0.333636235,0.350296247
0.19,0.071847296,0.090762204,0.109049866
0.19,0.257442753,0.296247082,0.249877973
0.21,0.163099784,0.170259029,0.14661903
0.16,0.115756273,0.128430823,0.131392131
0.19,0.299508392,0.288552923,0.313921676
0.04,0.100650387,0.115494076,0.109202193
0.05,0.102691264,0.106559259,0.125130218
0.34,0.330120226,0.34309372,0.324027476
0.23,0.31168303,0.299992987,0.329693291
0.1,0.110787725,0.126430881,0.120983932
0.24,0.352274968,0.373255692,0.359619883
0.52,0.367600912,0.365855383,0.36366701
0.03,-0.013476863,0.001132906,0.087930833
0.36,0.407979983,0.409344811,0.426186766
0,0.150193524,0.146398741,0.128294425
0.24,0.163016655,0.168209992,0.177445199
0.3,0.225620442,0.229219115,0.197466023
1,0.824572232,0.803562357,0.908706763
0.43,0.361867124,0.364184513,0.383376516
0.11,0.151640155,0.147189412,0.142719028
0.41,0.201235582,0.209802135,0.194621695
0.22,0.419654138,0.446373442,0.407140105
0.7,0.503405401,0.513374819,0.508001532
0.1,0.240745659,0.253623761,0.179977632
0.61,0.61462846,0.603415797,0.544783929
0.06,0.104664712,0.108203842,0.126994811
0.12,0.115352004,0.143437132,0.131705442
0.41,0.362619948,0.358725678,0.34422032
0.04,0.089264262,0.098185474,0.109813377
0.01,0.027912786,0.040535595,0.095421999
0.04,0.001067314,0.015015902,0.094049394
0.18,0.489524625,0.464581792,0.343067523
0.47,0.527441261,0.522290561,0.466508748
0.03,0.009208704,0.044588806,0.104105388
0.21,0.182498897,0.16826293,0.10966807
0.13,0.220305474,0.209639168,0.187910514
0.25,0.204012173,0.195114782,0.202211717
0.02,0.022765523,0.061419116,0.093712439
0.08,0.207276454,0.205420163,0.185573635
0.05,0.135129356,0.133114458,0.097198993
0.05,0.185668611,0.219956609,0.168441692
0.02,0.057027621,0.06671332,0.109076009
0.27,0.397171047,0.388371523,0.382377405
0.06,0.149613379,0.15353234,0.147556858
0.5,0.352380668,0.315904526,0.399720447
0.28,0.346360559,0.340659689,0.370062093
0.12,0.176107821,0.188108866,0.162789307
0.1,0.171575233,0.175852591,0.13635083
0.09,0.149250163,0.163967243,0.153930909
0.21,0.309120466,0.311805483,0.274889652
0.02,0.113396373,0.081461045,0.120246933
1,0.649481429,0.630385819,0.694415058
0.24,0.319331621,0.311923575,0.324672853
0.13,0.231322553,0.240299342,0.178147853
0.1,0.152335087,0.142345915,0.142767872
0.12,0.240881923,0.2849585,0.226477417
0.06,0.118523383,0.127146227,0.111830518
0.12,0.189374771,0.187844791,0.156123207
0.06,0.074124606,0.084234205,0.084760017
0.22,-0.015082547,0.012219078,0.10469724
0.15,0.377027479,0.407023378,0.305223586
0.03,0.092458383,0.083869046,0.120172971
0.3,0.596368884,0.582966935,0.690481947
0.02,0.190356713,0.211918592,0.188776795
0.05,0.143656607,0.13817496,0.147226752
0.02,0.086448629,0.077634635,0.097641788
0.02,0.075333329,0.070145868,0.107018132
0.07,0.132497767,0.134007072,0.135127521
0.26,0.265009032,0.227018,0.302457015
1,0.627071793,0.602449997,0.627016999
0.35,0.238840828,0.22915501,0.229650447
0.08,0.136018749,0.142399981,0.129531049
0.03,0.051444582,0.073297856,0.098692502
0.02,0.038433032,0.053243429,0.098760559
0.03,0.002323743,0.020977494,0.098588752
0.11,0.126162395,0.11564625,0.110280822
0.29,0.24043835,0.246530473,0.287645151
0.79,0.381486568,0.350811441,0.408874116
0.13,0.204774291,0.18408626,0.201326004
0.02,0.12576603,0.095579085,0.120375997
0.01,-0.028917918,-0.001686401,0.110328729
0.23,0.224590818,0.231311364,0.231551974
1,0.626420388,0.570411524,0.846377694
0.33,0.22686748,0.245005417,0.232621163
0.58,0.343649791,0.322244665,0.37157831
0.18,0.204640203,0.203255,0.186779394
0.5,0.463846771,0.442050096,0.457284673
0.4,0.304074047,0.321468622,0.302090306
0.34,0.216866583,0.240188535,0.225831138
0.05,0.09559666,0.116228653,0.108945266
0.04,0.020740969,0.035121736,0.097168181
0.06,0.137809845,0.166080393,0.160292951
0.04,0.02918819,0.040704425,0.106434919
0.05,0.170601029,0.162139858,0.134865167
0.01,0.01185478,0.025212427,0.099600123
0.31,0.339122496,0.320672653,0.205209601
0.62,0.632062041,0.643610345,0.528721105
0.2,0.222481362,0.255540164,0.246344324
0.6,0.552249957,0.555591645,0.467492077
0.97,0.505998174,0.479279066,0.456694417
0.28,0.268225573,0.254779683,0.236022418
0.13,0.097273169,0.11864083,0.112743156
0.07,0.381089591,0.363197774,0.242235363
0.26,0.25081987,0.275093637,0.250314257
0.07,0.093218892,0.098471391,0.102017651
0.29,0.353920064,0.334366893,0.18999823
0.04,0.188174012,0.193152547,0.157481774
0.85,0.499294671,0.507495088,0.505725418
0.76,0.484675959,0.464086962,0.623723106
0.17,0.341902548,0.342165941,0.328571713
0.65,0.435670218,0.44010545,0.46032403
0.54,0.581579911,0.533100319,0.590573585
0.36,0.346217741,0.365370173,0.380207348
0.13,0.029506198,0.033119452,0.090179072
0.18,0.043377884,0.043501925,0.109359658
0.35,0.423459739,0.400444313,0.412699284
0.06,0.106319262,0.109052403,0.132587179
0.28,0.380435641,0.380774837,0.329784197
0.28,0.193434947,0.209542291,0.180626411
0.08,0.128542827,0.135293058,0.122352412
0.14,0.095690143,0.124883433,0.116419853
0.1,0.152084869,0.147671191,0.140970222
0.06,0.13691406,0.148166724,0.150067321
0.06,0.089364538,0.101211358,0.115535741
0.48,0.358830783,0.358648342,0.386561813
0.09,0.195279979,0.200481701,0.150594108
0.19,0.290704908,0.307146543,0.284205164
0.26,0.352425611,0.358270479,0.268421603
0.02,0.049849067,0.056541908,0.09392211
0.08,-0.010493995,0.009466233,0.105193975
0.22,0.189175694,0.187040614,0.172534761
0.2,0.141529491,0.150836708,0.102692251
0.03,0.049396612,0.066978705,0.113382682
0.03,0.015698525,0.035357762,0.094529439
0.02,0.011942909,0.048069431,0.092723996
0.11,0.131940745,0.154439552,0.160123959
0.08,0.155595535,0.141098855,0.16089183
0.24,0.138432997,0.138485804,0.157854137
0.22,0.26234078,0.262448777,0.23750656
0.5,0.213611643,0.210295063,0.226587876
0.26,0.357210737,0.35143647,0.308855289
0.09,0.086018016,0.106583887,0.131857621
0.02,0.074399261,0.085361226,0.072273247
0.55,0.126221005,0.125486686,0.128275254
0.18,0.102881542,0.109012736,0.123609928
0.09,0.085100768,0.087041962,0.123483213
0.09,0.07297334,0.076376257,0.125522177
0.46,0.395781535,0.394392359,0.38379656
0.04,0.153591839,0.158599872,0.120809656
0.07,0.014508574,0.04597044,0.106229449
1,0.619897292,0.597927556,0.712171224
0.04,0.011227647,0.014900376,0.095872354
0.04,0.094399676,0.116433554,0.116921388
0.13,0.059896515,0.075330371,0.096746215
0.16,0.303151824,0.270258749,0.299293061
0.04,0.087282447,0.091525187,0.139340729
0.12,0.024107719,0.036079316,0.07713259
0.09,0.064610761,0.07994328,0.091918587
0.53,0.650472666,0.690508799,0.507162372
0.14,0.150901492,0.155525449,0.12015939
0.1,0.245497878,0.2417614,0.185931814
0.45,0.388172547,0.372868769,0.425097358
0.03,0.0462277,0.035819772,0.106889572
0.28,0.091271338,0.109883666,0.113226198
0.15,0.120405144,0.125919185,0.133848044
0.39,0.219671711,0.235014173,0.231281818
0.03,0.111513445,0.134455197,0.116121955
0.23,0.272067006,0.26019091,0.253908433
0.1,0.219282153,0.212674761,0.246009498
0.22,0.241328355,0.232967589,0.248233925
0.26,0.204303389,0.227164649,0.190425952
0.03,0.020746547,0.042730111,0.104529978
0.43,0.361211544,0.353523839,0.401438918
0.11,0.178810676,0.166268604,0.14501014
0.1,0.069606747,0.086279845,0.118619112
0.03,0.083605356,0.113572181,0.10863788
0.07,0.039994488,0.050917415,0.101090882
0.16,0.190988682,0.201756796,0.14345995
0.06,0.03166345,0.048067969,0.101448523
0.18,0.11360667,0.128540712,0.136440785
0.06,0.097804145,0.104258851,0.109920783
0.2,0.172191819,0.186757163,0.13956672
0.14,0.234173575,0.222576454,0.248075116
0.15,0.15068844,0.165438693,0.154068263
0.04,0.06428134,0.059374469,0.114436864
0.16,0.285344311,0.284754648,0.30644651
0.64,0.72113386,0.718935771,0.739575276
0.2,0.145171351,0.186152441,0.100022287
0.65,0.450851353,0.473542194,0.434266055
0.17,0.210938963,0.192981041,0.211848017
0.14,0.165158792,0.152008718,0.160029413
0.27,0.043145181,0.066273826,0.115289296
0.12,0.196559498,0.199233202,0.179259601
0.74,0.499238646,0.52207397,0.356400723
0.73,0.586437311,0.544242286,0.619188619
0.24,0.256819603,0.221204714,0.17818659
1,0.808586446,0.793592165,0.840478176
0.03,0.087742621,0.096952994,0.130408588
1,0.384838564,0.281638619,0.430650156
0.21,0.274466922,0.25450947,0.327990753
0.25,0.509564426,0.491909943,0.517952162
0.26,0.250271825,0.266117093,0.226044314
0.51,0.481552943,0.492129208,0.474119447
0.01,0.011128466,0.053102886,0.101556048
0.03,0.005462165,0.027612509,0.096225839
0.01,0.005054255,0.001213908,0.079119503
0.16,0.230685096,0.209895047,0.203725516
0.52,0.546564278,0.501085752,0.583338214
0.1,0.135940176,0.137198776,0.13557898
0.24,0.208438686,0.19852759,0.188596766
0.3,0.26804966,0.277681196,0.261564212
0.69,0.883076021,0.827807438,0.790202972
0.09,0.014787669,0.032922724,0.102585838
0.22,0.127003618,0.126889585,0.119882034
0.65,0.697017123,0.697315349,0.672692004
0.17,0.122329587,0.127033223,0.125094277
0.09,0.09370649,0.103448607,0.123118127
0.77,0.791117056,0.778350211,0.870461161
0.33,0.481664402,0.428967456,0.523127094
0.38,0.578144865,0.564407299,0.602897166
0.07,0.154867378,0.165811802,0.127535146
0.19,0.197930693,0.193764823,0.170309482
0.09,0.162350954,0.177162617,0.132831084
0.21,0.230283761,0.232924511,0.238168818
0.08,0.126936555,0.145479074,0.134778544
0.1,0.104902434,0.112006194,0.117323264
0.05,0.012685828,0.029760783,0.105122626
0.23,0.298564302,0.331334993,0.276459024
0.08,0.040736747,0.04441284,0.105988504
0.02,0.014262855,0.02371811,0.091079784
0.08,0.030236327,0.068410235,0.111041978
0.12,0.15075841,0.162998504,0.149111246
0.4,0.521679323,0.511027266,0.450135968
0.45,0.26848328,0.281357298,0.254786622
0.05,0.084028575,0.098998481,0.089090969
0.03,0.136353928,0.141868559,0.091352895
0.36,0.407291598,0.415081775,0.373113552
0.08,0.073859046,0.091862126,0.120105309
0.07,0.142613706,0.147848739,0.149549542
1,0.623289254,0.60835015,0.89021316
0.04,0.053866599,0.045335627,0.101493282
0.06,0.114201424,0.138629084,0.130708782
1,0.46622499,0.471364372,0.427892754
0.2,0.250101703,0.241659109,0.247008684
0.14,0.207827213,0.211462242,0.187039552
0.48,0.534184787,0.548480049,0.49611312
0.13,0.166454373,0.221567866,0.033640776
0.67,0.729472667,0.702488884,0.744540936
0.04,0.060746606,0.067565466,0.109770252
0.49,0.324936723,0.319377378,0.282474764
0.05,0.165826435,0.180637407,0.105394869
0.02,0.035125605,0.049956321,0.091307526
0.39,0.510485307,0.489116425,0.398133946
0.29,0.450296832,0.455318407,0.481595726
0.02,-0.023420204,-0.006925347,0.094037266
0.25,0.259735794,0.26651236,0.228101016
0.23,0.298333298,0.311774249,0.290725205
0.01,0.085138755,0.103425207,0.095299691
0.12,0.159360788,0.161281044,0.170488042
0.1,0.28129935,0.288422213,0.225683944
0.04,0.073210753,0.066817061,0.11579451
0.14,0.459917066,0.439370661,0.471693601
0.2,0.323102101,0.311909834,0.290732726
0.13,0.151080189,0.163803919,0.148937188
0.03,0.048650776,0.076138765,0.11992535
0.11,0.123564241,0.116019642,0.165086639
1,0.567950273,0.562236693,0.560074891
0.28,0.071917288,0.081924706,0.099641196
0.01,-0.008636038,0.00724955,0.110352907
0.24,0.248760316,0.275814417,0.213386711
0.43,0.447406961,0.391776731,0.465944333
0.2,0.334378157,0.337633794,0.22778627
0.08,0.029427059,0.054463265,0.110018992
0.04,0.077251531,0.075124219,0.086075584
0.07,0.160436932,0.173123343,0.145200959
0.05,0.39685506,0.411924212,0.150007719
0.04,0.019218402,0.015623572,0.084515481
0.02,-0.001912355,0.009217309,0.098555431
0.4,0.174019216,0.191536062,0.156197219
0.16,0.180063339,0.204886911,0.147458266
0.57,0.392936645,0.386757388,0.42417387
0.2,0.289553224,0.297184555,0.306720189
1,0.703984787,0.642088442,0.900079729
0.02,0.041337569,0.064859004,0.095353453
0.08,0.085204011,0.09072164,0.125171426
1,0.936125766,0.900361481,0.990005697
0.06,0.05673145,0.075692365,0.104289118
0.07,0.003847675,0.021692998,0.079807988
0.08,0.100809682,0.106567944,0.115870877
0.05,0.023180311,0.042231098,0.108588355
0.02,0.224385127,0.21169383,0.166826312
0.13,0.174645129,0.206078129,0.210692322
0.45,0.429004563,0.401127746,0.467000623
0.44,0.628937913,0.631971308,0.55327847
0.45,0.431686401,0.407275756,0.397672777
0.39,0.293255182,0.23255775,0.289964864
0.26,0.306324892,0.289490561,0.298519912
1,0.649901956,0.622861155,0.798554576
0.32,0.104043785,0.121141404,0.121124421
0.3,0.322660926,0.317953681,0.342471863
0.31,0.288046036,0.271488414,0.266272461
0.27,0.451958559,0.411267812,0.472311039
0.11,0.033738642,0.056024435,0.097156725
0.07,0.064935755,0.080086546,0.111380312
0.09,0.17990606,0.197239613,0.161167914
0.26,0.367183236,0.350566567,0.347670023
0.17,0.418767944,0.406651141,0.269785304
0.07,0.061397444,0.076600456,0.118586919
0.31,0.297433946,0.275933088,0.285588183
0.07,0.116951639,0.125190246,0.109868987
0.33,0.394202572,0.325990129,0.455120164
0.15,0.22659399,0.219132902,0.167603744
0.21,0.278163055,0.270095726,0.235111087
0.1,0.159558747,0.169012431,0.17336411
0.51,0.432881628,0.438810499,0.466317795
0.17,0.145156339,0.146562225,0.143501017
0.09,0.123507802,0.131118904,0.127228028
0.03,0.033682207,0.040784531,0.100658969
0.15,0.137340843,0.141352682,0.149580785
0.17,0.208052689,0.205882484,0.176129449
0.14,0.190126447,0.20236935,0.141994856
0.03,0.138648786,0.133214776,0.126804947
0.34,0.182950733,0.203356406,0.158915421
0.05,-0.00018777,0.009056467,0.114028375
0.24,0.161582391,0.183154974,0.135020467
0.07,0.035119291,0.067153465,0.126860923
0.33,0.262147988,0.267934715,0.278726314
0.09,0.181768776,0.188750855,0.185023137
0.11,0.11672849,0.129473127,0.127205239
0.1,0.12681056,0.149135792,0.104102276
0.02,0.011737216,0.019946995,0.105938457
0.25,0.274716151,0.268729941,0.25888141
0.37,0.368768995,0.390562074,0.452395964
0.07,0.064855433,0.079579345,0.117447114
0.71,0.716864566,0.711991098,0.610007017
0.18,0.193134209,0.182748349,0.161004167
0.28,0.434287083,0.44482222,0.395026277
0.44,0.145441382,0.139371035,0.130164067
0.09,0.120795548,0.122975916,0.123453559
0.19,0.175135424,0.198031559,0.150567479
0.28,0.4904191,0.488816219,0.390637013
0.03,0.028896797,0.046756418,0.100509984
0.04,-0.006592782,0.01518596,0.091473064
0.32,0.090669522,0.094073855,0.126729262
0.19,0.405802972,0.393916951,0.420274578
0.16,0.261981242,0.241878122,0.247871818
0.09,0.220743228,0.214437644,0.188963444
0.05,0.158689999,0.162451969,0.161542589
0.11,0.13494552,0.155282645,0.15211029
0.36,0.443845569,0.427641849,0.414787965
0.09,0.026360609,0.047962021,0.114427044
0.03,0.089195043,0.108048815,0.123169898
0.05,0.053507197,0.064318804,0.103789854
0.05,0.038243885,0.063688334,0.1053019
0.13,0.035215732,0.055000454,0.107212836
0.05,0.084993874,0.067602012,0.095837344
0.12,0.182059815,0.185376467,0.178359537
0.47,0.266588447,0.261467678,0.305796213
0.17,0.191656125,0.194584124,0.190130777
0.17,0.116407862,0.120994721,0.137420624
1,0.686509953,0.671544101,0.724152818
0.2,0.216843868,0.232772668,0.177196267
0.08,0.055840445,0.074975139,0.104716187
0.09,0.200410495,0.216221074,0.219838929
0.1,0.184182654,0.196896299,0.167489419
0.03,0.079300851,0.076527562,0.004857451
0.71,0.551135413,0.539314657,0.508000758
0.17,0.298635831,0.294320317,0.269697551
0.02,0.059863639,0.052580052,0.083568843
0.2,0.330146151,0.30893165,0.256667349
0.38,0.211856812,0.219073415,0.206271826
0.09,0.204882276,0.199572988,0.177743212
0.06,0.168377239,0.159060951,0.154028054
0.05,0.096021184,0.10029475,0.082620763
0.05,0.046038693,0.069044182,0.118291072
1,1.000493947,0.821361492,1.100139106
0.21,0.22430529,0.206047658,0.177364101
0.29,0.251395321,0.258645274,0.242934821
0.04,0.124476099,0.11344485,0.132670788
0.12,0.238271376,0.247276748,0.187514466
0.06,0.13727754,0.147756321,0.13271674
0.21,0.262022478,0.280285182,0.159036257
0.06,0.119563402,0.129832446,0.132415795
0.51,0.436280989,0.40057669,0.409720966
0.07,0.108657182,0.11029929,0.129652008
0.21,0.250468047,0.254704204,0.212676908
0.39,0.19210001,0.184376035,0.165426683
0.66,0.565106228,0.608636532,0.605030416
0.03,0.081656459,0.091684449,0.121647747
0.06,-0.003121908,0.007952172,0.092899112
0.53,0.570783952,0.554191988,0.628106445
0.08,0.121239171,0.116865133,0.138999487
0.59,0.355044709,0.345398598,0.372962674
0.12,0.140144295,0.151252498,0.115301355
0.29,0.35402353,0.339540219,0.302440966
1,0.772804341,0.775971456,0.75606668
0.03,0.084670077,0.078183768,0.125740375
0.29,0.256503347,0.250278795,0.249570652
0.38,0.320919211,0.30336786,0.291473213
0.06,0.065241044,0.03698898,0.09326645
1,0.897760241,0.756148352,1.024658894
0.3,0.329106627,0.354331541,0.290365681
0.16,0.151706858,0.157207629,0.132051322
0.29,0.113518366,0.128218706,0.134396036
0.02,-0.010281652,0.003360718,0.092329102
0.19,0.41841323,0.411314385,0.290275328
0.38,0.443060229,0.426460378,0.476964945
0.31,0.269777238,0.263709163,0.285959738
0.07,0.145984848,0.102040767,0.122218648
0.11,0.221960264,0.253901587,0.194247889
0.6,0.39918702,0.407350688,0.332104564
0.54,0.281001208,0.27163035,0.321328094
0.45,0.448776004,0.477848961,0.497094529
0.22,0.206017346,0.211341102,0.162301721
0.02,0.020526189,0.042202861,0.107024143
0,-0.02601845,-0.012009345,0.064635091
0.22,0.235733032,0.237226279,0.1941699
0.13,0.1076772,0.101251541,0.165899084
0.06,0.035786665,0.073023978,0.152905613
0.11,0.076212941,0.097571463,0.107131185
0.03,0.047767505,0.042079718,0.104774528
0.69,0.524872086,0.454331293,0.66817353
0.19,0.172157038,0.183868321,0.188768499
0.69,0.548968179,0.551911066,0.590151016
0.41,0.423122147,0.384700076,0.392881735
0.08,0.050502466,0.044469162,0.097537769
0.31,0.274792436,0.251498263,0.256863889
0.08,0.008659588,0.033805391,0.10743909
0.45,0.551945534,0.440755382,0.550138083
0.2,0.056355737,0.071710141,0.10333035
0.19,0.149842888,0.142500298,0.167871596
0.03,0.163418916,0.179648251,0.133196658
0.15,0.136512047,0.149627643,0.12598209
0.54,0.334418896,0.312130647,0.37043511
0.02,0.043909495,0.064093453,0.102303947
0.1,0.257720284,0.247602663,0.225668747
0.31,0.112784501,0.121422448,0.099699078
0.65,0.666196042,0.673762499,0.582244205
0.06,0.112916199,0.113570543,0.124822103
0.02,-0.005367408,0.009281012,0.076322237
0.06,0.128688977,0.144645439,0.145227141
0.82,0.46317658,0.471346163,0.542701967
0.02,0.089198168,0.089137249,0.119863881
0.14,0.263865108,0.251515567,0.208314845
0.03,0.008801166,0.014114395,0.088795814
0.4,0.235430882,0.176941805,0.151674341
0.05,0.089159388,0.083138016,0.094359517
0.12,0.157417663,0.155335693,0.136136377
0.61,0.408202665,0.368625275,0.44388285
1,0.735074517,0.717786189,0.78489882
0.15,0.072743892,0.071714401,0.112281946
0.09,0.119271839,0.130831376,0.139954403
0.76,0.449407783,0.398645407,0.504545186
0.02,0.051557992,0.075435518,0.10078934
0.06,0.072893689,0.076313118,0.100920335
0.03,0.028259706,0.047257407,0.100801743
0.06,0.035842603,0.055765613,0.134503356
0.2,0.339802191,0.331861653,0.344688693
0.25,0.404022143,0.38527849,0.436165189
0.07,-0.020821198,-0.005362137,0.100928486
0.06,0.096421591,0.10921366,0.112308049
0.19,0.431286992,0.380064883,0.490663951
0.06,0.004383309,0.020625818,0.097250573
0.16,0.215410933,0.22856014,0.220002596
0.19,0.30117911,0.288959896,0.296804739
0.14,0.17302478,0.182072078,0.154127994
0.18,0.165756682,0.150360361,0.090122316
0.11,0.167335013,0.152924782,0.152880266
0.22,0.133601568,0.146207322,0.135308577
0.03,0.040242877,0.04725458,0.105073775
0.33,0.285871352,0.264002534,0.378745132
0,0.171720515,0.192672628,0.199615437
0.01,0.099526312,0.108109661,0.125069964
0.37,0.291005624,0.25637091,0.269740145
0.15,0.260396393,0.270480196,0.209086264
0.04,0.061414333,0.073303344,0.100864855
0.35,0.246712282,0.25463891,0.223866051
0.1,0.141074671,0.153764844,0.161946177
0.46,0.428633059,0.430431994,0.425854136
0.04,0.041456119,0.05747874,0.097535207
0.18,0.223864941,0.234909255,0.233600165
0.4,0.407344385,0.403258694,0.428779358
0.06,0.112234165,0.133888027,0.126861117
0.01,0.048997318,0.04928465,0.102388356
0.03,0.051466354,0.051438839,0.082695186
0.52,0.613078793,0.590995268,0.620233647
0.03,-0.016208495,0.016683633,0.113766591
0.27,0.299677504,0.302273601,0.333922179
0.11,0.253168866,0.231659402,0.200266033
0.03,0.003855386,0.015205193,0.095011098
0.17,0.063793263,0.067836118,0.105102235
0.47,0.414312828,0.394199019,0.448112979
0.22,0.167703676,0.161403331,0.14926008
0.06,0.11313174,0.118249718,0.156509221
0.39,0.448530233,0.431519796,0.397550467
0.12,0.137748746,0.137035954,0.126336188
0.02,0.036352363,0.036408707,0.095237749
0.26,0.114570369,0.124369041,0.117089165
0.55,0.400141392,0.371952862,0.419030743
0.21,0.271151492,0.263061984,0.236760873
0.12,0.221892571,0.205890536,0.210692229
0.1,0.134647864,0.134701823,0.154174535
0.41,0.538346751,0.518777703,0.468908589
0.84,0.92686578,0.88818503,0.887739731
0.18,0.307105062,0.254361346,0.296319053
0.04,0.094733136,0.080220349,0.128018766
0.34,0.361516321,0.338190028,0.374070114
0.07,0.044191765,0.047128278,0.095524856
0.05,0.170010564,0.172137065,0.150148646
0.02,0.019957859,0.025724863,0.099461949
0.31,0.474024522,0.451533197,0.4130481
0.97,0.771754419,0.69853714,0.947688465
0.33,0.350741262,0.339515198,0.336746818
0.12,0.166540757,0.175491345,0.148723904
1,0.65171036,0.654098359,0.479849009
0.96,0.527906489,0.528388857,0.454963916
0.25,0.239002705,0.23165389,0.245533555
0.03,0.022416253,0.055678716,0.092269035
0.12,0.051182042,0.062734276,0.086049307
0.14,0.233027223,0.229154568,0.201031499
0.52,0.456080204,0.419272165,0.505434683
0.05,0.155714113,0.149629562,0.150449866
0.09,0.072482828,0.094101828,0.104761783
0.14,0.220423414,0.238682849,0.219091621
0.36,0.350932388,0.32785813,0.419067293
0.04,0.107781467,0.123803321,0.113476346
0.59,0.557840548,0.518336733,0.62258553
0.49,0.166751694,0.162198223,0.134857442
0.53,0.365487156,0.324054533,0.397031685
0.06,0.1532728,0.170450735,0.168432681
0.19,0.138196282,0.153693173,0.147166337
0.28,0.309452982,0.316842957,0.332804571
0.14,0.228227083,0.22254941,0.228655681
0.9,0.500323916,0.485437588,0.40697501
0.05,0.198724767,0.198983103,0.184836137
0.15,0.183144995,0.176665815,0.16636386
1,0.654402465,0.632460372,0.623812195
0.21,0.352924961,0.370174338,0.309893218
0.02,-0.004060628,-0.017259984,0.050963645
0.07,0.050199257,0.074370657,0.127064533
0.21,0.452746778,0.439320084,0.420421495
0.21,0.30313491,0.2931798,0.295699932
0.4,0.334651145,0.328265176,0.345079762
0.04,-0.024604697,-0.003190991,0.11009617
0.31,0.380775205,0.352396713,0.251859593
0.2,0.100781032,0.116002784,0.123389365
0.05,0.158845479,0.157558745,0.142440949
0.54,0.482271705,0.453684082,0.44821041
0.54,0.435467503,0.415559508,0.516936577
0.11,0.167576655,0.150566515,0.210361549
0.13,0.135916106,0.140362905,0.134999977
0.42,0.475711534,0.450638595,0.454559775
0.06,0.151602179,0.181406429,0.142864746
0.7,0.438964515,0.373112306,0.594898812
0.45,0.549681682,0.456531099,0.472621073
0.15,0.040374394,0.059891865,0.094058391
0.15,0.118766598,0.141117611,0.120753488
0.12,0.150166403,0.161650266,0.159290032
0.11,0.079947081,0.09476742,0.097531143
0.03,0.02055153,0.018896405,0.094465879
0.09,0.206507774,0.214097173,0.174399365
0.3,0.306146196,0.31164059,0.30750924
0.39,0.296923161,0.297880309,0.273844417
0.05,0.052470004,0.062297794,0.100535958
0.03,0.091247105,0.119489722,0.13004033
0.22,0.243417975,0.241449138,0.201148229
0.33,0.2355015,0.184491471,0.243964794
0.83,0.357014496,0.326077312,0.310380749
0.11,0.268291117,0.222188303,0.268232712
0.07,0.092452274,0.094855708,0.093721753
0.28,0.332568815,0.348412976,0.337570253
0.02,0.025122805,0.028902599,0.09241304
0.41,0.299017259,0.266168106,0.316616292
0.12,0.305968078,0.31121025,0.273136517
0.34,0.327001365,0.32224257,0.323481389
0.07,0.087259884,0.10330534,0.112666957
0.05,0.055692577,0.077119782,0.089757739
0.12,0.154358277,0.156448655,0.145807042
0.04,0.042392878,0.045743033,0.084777513
0.3,0.296930084,0.290884936,0.293173669
0.06,0.133640117,0.142803874,0.14722292
0.09,0.161232773,0.171549251,0.136144406
0.42,0.565697006,0.454735673,0.596530009
0.02,0.111533446,0.130394526,0.121887421
0.1,0.261075916,0.260538436,0.199578659
0.07,0.077563422,0.098506475,0.131586216
0.11,0.126574825,0.137631219,0.137993152
0.03,0.144911955,0.13546716,0.147811422
0.06,0.05215841,0.071316124,0.09822682
0.03,0.132600108,0.158402229,0.11029817
0.11,0.041780341,0.065175077,0.101614911
0.52,0.42279558,0.458036302,0.464754153
0.25,0.38427447,0.37046616,0.419995138
0.11,0.123384487,0.134789314,0.128374026
0.82,0.624758657,0.531853849,0.719642859
0.14,0.421319941,0.408184489,0.240250554
0.08,0.104206857,0.115298185,0.128509975
0.02,0.031704863,0.019917365,0.073381998
0.27,0.151136953,0.140204832,0.169885211
0.15,0.402522395,0.430374809,0.236676014
0.16,0.264709124,0.263415626,0.258557821
0.47,0.276393652,0.267472774,0.282191932
0.12,0.28380729,0.28392737,0.279310824
0.26,0.25010711,0.241609788,0.177750817
0.02,0.015275975,0.027059102,0.098399618
1,0.938946074,0.846840219,1.048220707
0.06,0.128870025,0.117284687,0.10532415
0.31,0.225992341,0.219070442,0.195434858
0.19,0.255101105,0.259584019,0.220495066
0.06,0.065332539,0.091853229,0.105655182
0.14,0.336993423,0.356994877,0.274964096
0.35,0.506903035,0.490710178,0.442404094
0.02,0.05218797,0.088858211,0.091927573
0.36,0.314709419,0.333736994,0.30241647
0.39,0.289137555,0.293625262,0.311976139
0.12,0.059808814,0.111060987,0.13360298
0.13,0.212423306,0.219585772,0.16005743
0.57,0.415015775,0.402244038,0.483360973
0.07,0.122962247,0.134842243,0.119007235
0.59,0.666114026,0.674003244,0.622997811
0.31,0.563661794,0.563761041,0.409836841
0.34,0.534214406,0.527159079,0.36736733
0.02,0.027041457,0.041726792,0.092930659
0.47,0.16425685,0.182042724,0.166078635
0.16,0.235028152,0.247556933,0.184875417
0.15,0.168808844,0.197511751,0.151851832
0.05,0.05228346,0.084480961,0.112232342
0.15,0.21896776,0.218213942,0.196447287
0.04,0.029373526,0.036641083,0.10055789
0.12,0.302026521,0.295553103,0.302063841
0.39,0.413703291,0.385794577,0.471636962
0.18,0.101104821,0.113469666,0.11418549
0.1,-0.018760606,0.020622267,0.096083421
0.86,0.614152595,0.594487338,0.790892876
0.29,0.411909764,0.407723367,0.414856342
0.07,0.110516974,0.116185141,0.106915439
0.06,0.070046811,0.054856735,0.087656283
0.2,0.390003485,0.380512419,0.380820377
0.6,0.431332277,0.41723191,0.438021405
0.14,0.187630049,0.177344684,0.199470607
0.12,0.160917895,0.171879488,0.170199307
0.04,-0.008896318,0.002191961,0.096164463
0.12,0.152699789,0.154572255,0.14696672
0.36,0.479974817,0.518822422,0.501561886
0.1,0.127713976,0.137105861,0.159227733
0.27,0.298758894,0.313681582,0.316752776
0.02,-0.029628301,0.001518686,0.106868549
0.01,0.089402899,0.101991986,0.086734592
0.04,0.057094852,0.065249567,0.131339806
0.03,0.019410605,0.023763451,0.08917023
0.11,0.177099143,0.177015355,0.144332027
0.26,0.242506827,0.240420429,0.22303035
0.15,0.069062436,0.106935015,0.115076836
0.08,0.169549401,0.171918283,0.149421466
0.47,0.441089461,0.472587935,0.483857421
0.1,0.090474908,0.096429371,0.119919293
0.07,0.15812938,0.165469462,0.131680988
0.15,0.128034434,0.153445715,0.141164193
0.21,0.008511286,0.037471952,0.104446336
0.13,0.182312328,0.204129959,0.168533405
0.12,0.057755436,0.073469993,0.089451738
0.59,0.318907455,0.307663721,0.379417198
0.7,0.318295916,0.313020857,0.282937203
0.03,0.104372529,0.104455106,0.10628418
0.06,0.095094852,0.108443296,0.094528271
0.1,0.089568306,0.104473158,0.108025966
0.08,0.130272259,0.146506281,0.108088805
0.11,0.102658598,0.102647056,0.125864524
0.15,0.289015663,0.289556924,0.309172807
0.51,0.426816443,0.439479703,0.394302661
0.02,-0.005753401,-0.002804348,0.076602348
0.06,0.06711523,0.068840905,0.102947895
0.51,0.286010428,0.280554709,0.27372787
0.58,0.500241943,0.467974435,0.596142887
0.05,0.011919599,0.016208241,0.083501911
0.05,0.029329605,0.023079431,0.093167777
0.21,0.1616548,0.16245523,0.146994377
0.65,0.525557555,0.485884183,0.572440252
0.1,0.187197739,0.184731654,0.183688556
0.23,0.267407102,0.288401552,0.274366793
0.05,0.094885792,0.091737099,0.105996414
0.13,0.25713772,0.23245543,0.222690524
0.48,0.681958586,0.69239974,0.697822384
0.06,0.143894415,0.146331521,0.136072986
0.14,0.226979916,0.245133399,0.222854243
0.54,0.339764995,0.301020823,0.347531117
0.21,0.301314781,0.299919769,0.219062457
0.25,0.248994538,0.248973077,0.244752797
0.09,0.082632482,0.100620315,0.112552432
0.04,0.002152744,0.031590024,0.106288826
0.12,0.307579002,0.277549928,0.220243833
0.44,0.557663356,0.544949071,0.610012425
0.6,0.449964967,0.415601969,0.499633153
0.34,0.184283349,0.185795224,0.175875446
0.13,0.323600271,0.314162151,0.34244858
0.15,0.093365266,0.103322046,0.114681236
0.11,0.152197642,0.170294117,0.179591115
0.32,0.468757382,0.505713406,0.420122839
0.38,0.360030343,0.354098679,0.260691801
0.12,0.017963204,0.036937349,0.10022708
0.37,0.245469818,0.255344251,0.233618836
0.08,0.054709861,0.065796936,0.097069222
0.04,0.086884556,0.075400003,0.059784269
0,0.010589326,0.018453309,0.058725588
0.02,0.006440374,0.001502847,0.08957845
0.03,0.066528701,0.06135642,0.113963229
0.36,0.368332169,0.359637688,0.342566595
0.25,0.18932926,0.191903626,0.161693415
0.33,0.41600404,0.401711172,0.430311129
0.04,0.01695783,0.070178876,0.113100121
0.48,0.368745367,0.36276444,0.390710828
0.13,0.359098705,0.310328819,0.143320551
0.01,0.12245815,0.129483582,0.113755557
0.29,0.262766644,0.262319643,0.222102406
0.02,0.124115396,0.11465703,0.106368202
0.03,0.019545384,0.034893987,0.102312319
0.21,0.302430185,0.300232569,0.293222665
0.12,0.209289045,0.213861216,0.19373217
0.41,0.444658926,0.430452798,0.435397616
0.06,0.091792855,0.103146625,0.113384685
0.57,0.373674146,0.328128404,0.335596257
0.37,0.242564869,0.264023372,0.225694567
0.67,0.849208694,0.815423177,0.753642813
0.11,0.272947008,0.269946896,0.126932383
0.03,0.127953698,0.133727575,0.133024804
0.1,0.112642958,0.12820694,0.142233318
0.03,0.00822412,0.035265755,0.107806241
0.81,0.751578661,0.741079347,0.822817908
0.51,0.28194673,0.289593609,0.257509614
0.09,0.192350349,0.203163163,0.186083954
0.01,0.024820776,0.041032159,0.108585128
0.03,0.055796657,0.056645842,0.081707064
0.2,0.261041831,0.255065698,0.23085937
0.3,0.575243941,0.54852665,0.513862539
0.03,0.034220577,0.049309456,0.097813107
0.23,0.474421263,0.434854139,0.442458405
0.12,0.190526421,0.186146711,0.153905358
0.11,0.123849112,0.138739309,0.139572713
0.12,0.253026352,0.275380966,0.219933993
0.06,0.117450161,0.129592666,0.129704274
0.12,0.190829731,0.195958522,0.170552027
0.04,0.046410589,0.039420683,0.093312102
0.25,0.217539243,0.211319468,0.233275662
0.76,0.417918516,0.401317447,0.462257619
0.15,0.115332692,0.110936856,0.120781751
0.14,0.295150518,0.296850892,0.328888619
0.23,0.220062398,0.214131456,0.226732387
0.55,0.420580478,0.415491086,0.474241922
0.37,0.21953893,0.216442212,0.229641059
0.61,0.546790457,0.539113464,0.529701612
0.37,0.534909972,0.501296979,0.518411669
0.14,0.294607897,0.290408919,0.230623272
0.32,0.478769501,0.479533195,0.361232961
0.35,0.567584751,0.562051296,0.594202952
0.21,0.194194969,0.183286548,0.150156621
0.37,0.394562529,0.407527096,0.375446275
0.05,0.017097358,0.030730444,0.100520043
0.03,0.064483204,0.072144794,0.105556415
0.14,0.264604829,0.253620413,0.254010318
0.34,0.187772772,0.184701834,0.148661892
0.03,-0.00135202,0.012246,0.099214301
0.03,-0.006573474,0.003278545,0.09644684
0.03,0.080064207,0.087464836,0.12392031
0.04,0.047782804,0.064361463,0.112092186
0.29,0.406558895,0.434573998,0.377577729
0.93,0.630444791,0.639261032,0.684781558
0.05,0.12427302,0.135359621,0.137288396
0.26,0.201086306,0.192360808,0.209467454
0.28,0.230779761,0.219943208,0.222610565
0.22,0.211727159,0.213866147,0.175543626
0.12,0.125171128,0.122407289,0.117616138
0.13,0.088615036,0.101000326,0.10613289
0.01,0.002660428,0.022840281,0.095825828
0.49,0.292008953,0.281177687,0.284180428
0.18,0.199738234,0.187231205,0.179672926
0.25,0.362376051,0.345280644,0.314413085
0.05,0.206363633,0.161356528,0.162757579
0.53,0.717328473,0.701326646,0.630261443
0.32,0.230996621,0.252238952,0.222593349
0.36,0.430646526,0.404182092,0.477144798
0.34,0.391714296,0.372580813,0.432594756
0.18,0.359591334,0.366561099,0.323780352
0.21,0.361542901,0.351900087,0.347122816
0.22,0.312694816,0.295777785,0.251720173
0.35,0.614606216,0.629546532,0.4527706
0.75,0.512780297,0.531747,0.526378527
0.19,0.123590382,0.136500991,0.126908805
0.05,0.10823131,0.139101745,0.093570479
0.2,0.268581223,0.26477855,0.222276001
0.08,0.038695068,0.055532068,0.107648928
0.03,0.132301908,0.123358582,0.134254133
0.03,0.136699519,0.144129428,0.143052237
0.19,0.140450141,0.152786758,0.155289454
0.03,0.180508893,0.191070936,0.142610394
0.11,0.22498351,0.2318209,0.16426786
0.78,0.337552208,0.336017153,0.343487207
0.32,0.113557905,0.124639391,0.114813629
0.37,0.191017766,0.183608937,0.246868111
0.33,0.182108609,0.212369322,0.14948857
0.19,0.114883324,0.118759085,0.152123221
0.11,0.089556161,0.116765753,0.103640955
0.29,0.213238011,0.201880718,0.233295302
0.08,0.054278587,0.061187019,0.086278678
0.1,0.121943937,0.137678038,0.128826668
1,0.742750145,0.69212949,0.900000516
0.24,0.350089718,0.31746024,0.256342019
0.04,0.117577325,0.12990545,0.140151223
0.27,0.328535623,0.337025701,0.369950236
0.5,0.373485781,0.343865678,0.399662391
0.06,0.150243798,0.154290226,0.132420645
0.53,0.467469544,0.482419544,0.523199752
0.53,0.232719659,0.224296509,0.228031652
0.07,0.105251834,0.11491761,0.128498405
0.11,0.048213909,0.078521344,0.092777928
0.31,0.386001156,0.356970208,0.332306909
0.34,0.286163937,0.293197428,0.315610647
0.18,0.332148819,0.332560081,0.312968355
0.14,0.21598303,0.204473299,0.225271646
0.14,0.12534776,0.127495498,0.121435509
0.03,0.045342589,0.07717146,0.074285845
0.14,0.10349172,0.109636076,0.1134509
0.45,0.555993842,0.526324875,0.515279876
0.12,0.028839577,0.048840792,0.104286649
0.66,0.366289006,0.443702378,0.3556057
0.07,0.078359719,0.091342844,0.120892295
0.26,0.295320501,0.309049548,0.224257555
0.07,0.381336619,0.330284881,0.169893487
0.06,0.104885818,0.132337824,0.118904125
0.1,0.254924524,0.23750434,0.200245942
0.04,0.102068382,0.120160573,0.101236677
0.11,0.179287622,0.190240312,0.171621068
0.29,0.382682978,0.379111002,0.403954787
0.13,0.30458107,0.315755989,0.184281997
0.11,0.115667699,0.129051141,0.09935919
0.02,0.00014318,0.007792087,0.089358798
0.24,0.292980743,0.279723038,0.252270363
0.87,0.61109075,0.600333978,0.620293717
0.14,0.066144016,0.082454315,0.109598171
0.46,0.305546815,0.292463272,0.264669989
0.25,0.266287306,0.28666479,0.250489488
0.08,0.067180569,0.077429433,0.102312481
0.04,0.039358206,0.041703014,0.100079637
0.54,0.604070977,0.59667576,0.554123653
0.09,0.218964403,0.219306784,0.20460558
0.2,0.22743981,0.235302373,0.163284163
0.02,0.194411233,0.212978917,0.156992852
0.04,0.154201411,0.167599105,0.122577234
0.1,0.083275724,0.084379244,0.095310514
0.69,0.456894613,0.433495178,0.506835516
0.13,0.334928877,0.324003729,0.249620544
0.06,0.041922661,0.070120784,0.116229314
0.91,0.438771002,0.459191649,0.413320838
0.04,0.025550481,0.055627033,0.084167208
0.81,0.560029614,0.551465241,0.672710075
0.15,0.04599474,0.075921329,0.110320436
0.07,0.036540646,0.045823901,0.103179075
0.06,0.061903433,0.087602745,0.108561995
0.02,0.043680882,0.054218297,0.099576079
0.31,0.320163915,0.293579532,0.328514217
0.03,0.00705333,0.009310767,0.082839655
0.27,0.45678647,0.435312141,0.488889938
0.11,0.208584516,0.196194464,0.235177787
0.09,0.124678088,0.12533553,0.109984236
0.01,-0.014959175,0.004700919,0.104070476
0.5,0.336001084,0.324054888,0.348181939
0.32,0.319661132,0.29864452,0.300141072
0.43,0.566882929,0.549068709,0.586056501
0.3,0.374111253,0.382701001,0.352457304
0.02,0.037317706,0.04267479,0.108436413
0.38,0.285629878,0.305695335,0.279878772
0.01,0.127046402,0.169628489,0.076166677
0.02,0.11059021,0.136742812,0.105174928
0.04,0.07555364,0.074036797,0.109096286
0.3,0.360313117,0.325674479,0.226040763
0.8,0.657868068,0.666216719,0.662379412
0.03,0.071910908,0.069707961,0.103670779
0.11,0.011924174,0.033839353,0.096597111
0.9,0.422172479,0.405861874,0.46015962
0.09,0.267423483,0.283788779,0.233406393
0.17,0.290569248,0.279330785,0.270174314
0.07,0.088576159,0.106778607,0.119553449
0.79,0.650105393,0.652268055,0.686485569
0.28,0.439157728,0.402639078,0.395666568
0.02,0.004930131,0.005199771,0.088144097
0.03,0.153873154,0.162846021,0.138533361
0.15,0.240376568,0.227353163,0.223572264
0.07,0.228973798,0.251340758,0.196635036
0.08,0.083651709,0.102054984,0.104102418
0.33,0.351635933,0.335935208,0.364419848
0.05,0.094749287,0.099992843,0.100212346
0.25,0.327705216,0.326910314,0.303857061
0.09,0.170796419,0.186842879,0.168615192
0.23,0.225061699,0.224381456,0.241093812
0.06,-0.003200986,0.027684186,0.111126718
0.07,0.277115377,0.268046394,0.208460127
0.08,0.198810425,0.211565244,0.165421144
0.42,0.335393445,0.29206716,0.422295378
0,-0.010338953,0.000131767,0.100461072
0.05,0.079450657,0.101923153,0.105358702
0.05,0.100277411,0.119166189,0.121822014
0.03,0.094203106,0.105569053,0.114058193
0.06,0.091477359,0.097596724,0.120473817
0.59,0.563650719,0.565103136,0.471902083
0.33,0.615253143,0.623947551,0.430182045
0.75,0.239465175,0.2287597,0.228496556
0.43,0.242013717,0.235717877,0.24345784
0.02,0.299501929,0.320974004,0.252929884
0.09,0.122828027,0.14030433,0.157304686
0.03,-0.01302918,-0.00394235,0.093147672
0.07,0.028583171,0.059573631,0.111776462
0.25,0.464726862,0.463354114,0.447260088
0.48,0.562847557,0.52239578,0.636355132
0.22,0.20715495,0.230567477,0.216239129
0.04,0.020842804,0.032531576,0.093454608
0.16,0.103287461,0.119530162,0.112730825
0.11,0.172429277,0.157846398,0.145614935
0.18,0.019411067,0.039785421,0.100002746
0.28,0.380975968,0.389922878,0.354413363
0.57,0.507850398,0.481927068,0.560345322
0.39,0.557027262,0.570138778,0.54382561
0.01,0.074293982,0.046103894,0.095684454
0.14,0.171261242,0.193966638,0.148131087
0.12,0.109501034,0.113738497,0.114923276
0.06,0.056072746,0.086679787,0.077348661
0.37,0.189376025,0.236598214,0.160998159
1,0.670567557,0.666973616,0.875719835
0.09,0.191664596,0.207841767,0.18341631
0.65,0.31826338,0.317095958,0.36276389
0.02,0.004774252,0.000533411,0.05709126
0.08,0.069680684,0.07764384,0.115103966
0.34,0.224801986,0.213580069,0.227186392
0.39,0.387957189,0.42770126,0.378295411
0.29,0.302167062,0.31172646,0.303808359
0.2,0.384350935,0.382900454,0.343082256
0.13,0.194416597,0.210179922,0.186683105
0.02,0.040608197,0.043751234,0.099813232
0.32,0.294335252,0.302546821,0.240403194
0.13,0.066833742,0.076774868,0.108656589
0.04,0.114939862,0.115503453,0.117070579
0.59,0.898160681,0.679692032,0.825113279
0.33,0.261237735,0.288770069,0.296156592
0.5,0.316977368,0.32296758,0.348998996
0.1,0.094262348,0.113543462,0.1098433
0.09,0.176937222,0.181261538,0.158026483
0.52,0.478903307,0.435409206,0.545078954
0.04,0.072004466,0.093898593,0.1204676
0.05,0.000930457,0.016124191,0.097643566
0.05,0.097874069,0.119601296,0.114330744
0.38,0.50048441,0.488154139,0.404468939
0.02,0.081737585,0.082452288,0.108511594
0.22,0.226633943,0.235468809,0.183723657
0.28,0.391003623,0.360444629,0.309245849
0.28,0.371497092,0.348470445,0.334322882
0.18,0.212527426,0.168323052,0.189177898
0.02,0.043718976,0.032514198,0.109211958
0.11,0.174841199,0.169848697,0.137957951
0.08,0.140732255,0.142294968,0.141926323
0.12,0.261053513,0.275180339,0.219433913
0.19,0.185344591,0.191458328,0.184590842
0.21,0.448696627,0.456080118,0.406854297
0.23,0.202595037,0.222510952,0.21178713
0.11,0.354833933,0.350075175,0.358280549
1,0.667411336,0.603757471,0.831985916
0.04,0.144400904,0.167044993,0.122813929
0.11,0.082048128,0.106115763,0.104612112
0.19,0.336709514,0.312511164,0.28754438
0.04,-0.007113199,0.006725606,0.101782216
0.32,0.34649859,0.347373889,0.401236621
0.42,0.437136862,0.427197346,0.462733789
0.33,0.248004567,0.272155774,0.240166682
0.31,0.195937989,0.204563541,0.177710151
0.15,0.121041159,0.117353663,0.14085506
0.08,0.118777683,0.129653123,0.123075399
0.24,0.364956746,0.338821332,0.368120175
0.11,0.171816091,0.178864595,0.161923839
0.07,0.065107194,0.065754947,0.131093896
0.06,0.10947215,0.126519625,0.115713201
0.08,0.108144271,0.125890283,0.124523229
0.19,0.230114698,0.225628309,0.188748445
0.17,0.158111779,0.170018136,0.151356268
0.13,0.172539707,0.19278643,0.1351374
0.01,0.007394553,0.013209881,0.071902071
0.06,0.194485985,0.194773631,0.147443182
0.15,0.365794028,0.318883873,0.250192941
0.11,0.053192557,0.09086131,0.132130953
0.05,0.079372393,0.106601575,0.130388395
0.01,-0.006446897,0.020331339,0.106037178
0.06,0.057146993,0.051084637,0.105406531
0.5,0.33326142,0.328479894,0.331253707
0.13,0.044236456,0.067517286,0.112901954
0.67,0.50330013,0.48270768,0.586252659
0.17,0.150697081,0.181460126,0.13132601
0.35,0.475819913,0.454118743,0.449627782
0.19,0.09403533,0.100305325,0.130733135
0.6,0.322609598,0.31000239,0.327403083
0.6,0.313126351,0.293045945,0.325542385
0.06,0.112486206,0.096922018,0.133720501
0.27,0.265461684,0.247406337,0.268588708
0.09,0.008340518,0.023979825,0.06945811
0.22,0.028242047,0.045451243,0.095231181
1,0.712095822,0.642668067,0.77113422
0.12,0.069941614,0.065544638,0.112740085
0.02,0.040034464,0.044580006,0.085473778
0.03,0.04633877,0.057477789,0.103671211
0.16,0.106950471,0.122172369,0.11574575
0.22,0.232123082,0.224067432,0.193527698
0.08,0.143678196,0.166565689,0.133448955
0.01,0.020552413,0.038901552,0.094116431
0.67,0.521214356,0.429615483,0.658233335
0.08,0.050956235,0.056073001,0.09632795
0.14,0.130069986,0.137454643,0.156988284
0.36,0.422539838,0.369040367,0.202115681
0.16,0.110845056,0.119215048,0.115855792
0.09,0.158476713,0.165587121,0.136728255
0.75,0.610623984,0.539766829,0.67340008
0.15,0.2179717,0.231019048,0.203213598
0.83,0.443730455,0.4255597,0.517319995
0.03,0.017467715,0.031059239,0.108782507
0.47,0.621341754,0.603456699,0.61356805
0.48,0.41443851,0.415909503,0.397546389
0.19,0.379790298,0.415802961,0.355406906
0.05,0.110520066,0.107490492,0.10931665
0.08,0.127304626,0.148642492,0.118241599
0.04,0.066684997,0.080174855,0.114108528
0.53,0.383424448,0.399230329,0.269171171
0.09,0.206289473,0.217929846,0.144214913
0.06,0.028557223,0.044310394,0.099393723
0.09,0.040335474,0.057286602,0.092836759
0.25,0.384629062,0.356403201,0.370614504
0.39,0.325573008,0.343193383,0.279440402
0.53,0.508781036,0.487304636,0.436341365
0.52,0.411539148,0.420627922,0.398507446
0.08,0.003424926,0.03011193,0.108324122
0.6,0.413849821,0.422413712,0.394429299
0.02,0.060103977,0.067503885,0.096786503
0.06,0.058748725,0.078854638,0.11159061
0.09,0.159917458,0.160966021,0.122936676
0.19,0.220694485,0.216038293,0.199957728
0.16,0.122390798,0.117836292,0.147506025
0.14,0.101505869,0.11585885,0.101198315
0.19,0.264430267,0.264938951,0.254295039
0.07,0.169617411,0.170661078,0.152125685
0.72,0.563402522,0.561451812,0.556349711
0.07,0.097455639,0.119838903,0.122727704
0.27,0.297194087,0.26901946,0.292513038
0.03,0.046317183,0.066974049,0.090450086
0.45,0.067057076,0.102709541,0.114227527
0.15,0.245013676,0.241306628,0.223939091
0.13,0.014934494,0.029508694,0.107566477
0.26,0.4796008,0.487302907,0.363628241
0.06,0.133245215,0.141879495,0.158856594
0.62,0.622432253,0.632272796,0.697915776
0.53,0.279606198,0.284034797,0.252663953
0.09,0.218984329,0.195565968,0.206164197
0.49,0.294326436,0.311986765,0.303062643
0.09,0.113516557,0.136738283,0.103861612
0.64,0.708446569,0.68875562,0.770411099
0.01,0.043499923,0.022432649,0.087691074
0.5,0.532230536,0.533648766,0.597490556
0.02,0.018376897,0.030442537,0.103430632
0.24,0.215959291,0.24102742,0.247080682
0.23,0.287801808,0.298332946,0.256631044
0.38,0.212476124,0.236130636,0.188117776
0.23,0.686000392,0.690363312,0.575018785
0.41,0.17132581,0.184869996,0.171839838
0.05,0.052973338,0.055036599,0.09710759
0.18,0.221660295,0.225101593,0.193667132
0.02,0.067854244,0.075927392,0.10595226
0.09,0.055474234,0.06731372,0.109513427
0.05,0.154213045,0.159241203,0.143109573
0.07,0.196185094,0.201251176,0.20085291
0.07,0.192403946,0.185989043,0.15328652
0.81,0.415129476,0.413116868,0.41194793
0.04,0.032018493,0.030633615,0.105270483
0.02,0.042816178,0.082105156,0.103136152
0.15,0.063034446,0.082865518,0.112648625
0.65,0.749527574,0.70679026,0.775318892
0.86,0.729542441,0.713612165,0.813487647
0.12,0.185935749,0.190794741,0.204626912
0.57,0.589313804,0.497824348,0.556298919
0.16,0.248711697,0.258371851,0.214116514
0.18,0.36055104,0.360492968,0.330549973
0.16,0.49729608,0.467691622,0.562825582
0.24,0.547042544,0.530386474,0.453088036
0.44,0.378974631,0.361771714,0.40456247
0.06,0.041009294,0.057095917,0.097105016
0.16,0.195477686,0.190108554,0.192994355
0.08,0.119124465,0.135862925,0.127940779
1,1.067504194,0.860143832,1.100261917
0.14,0.101653979,0.095392278,0.108673539
0.55,0.742679702,0.754774696,0.686205576
0.13,0.162951128,0.161299662,0.151716426
0.22,0.268662592,0.243807164,0.261177621
0.29,0.23635326,0.246419578,0.222476487
0.05,0.093178932,0.125692412,0.122503842
0.16,0.132341724,0.119050234,0.134528821
0.09,0.253150272,0.244814105,0.200991567
0.17,0.198848296,0.209473944,0.185447104
0.15,0.061348546,0.082198219,0.076581281
0.14,0.166274098,0.186460867,0.18105918
0.34,0.401589763,0.41592076,0.442129419
0.27,0.250842128,0.261842885,0.239977684
0.17,0.186148452,0.190313765,0.154475493
0.26,0.252235349,0.264399334,0.25537568
0.07,0.016220356,0.054759044,0.111981526
0.02,-0.003149772,0.001415752,0.068381446
0.95,0.691154038,0.597155406,0.835260882
0.11,0.178011837,0.148449418,0.175163266
0.03,0.148979895,0.159632846,0.111829837
0.03,0.060757595,0.083840385,0.111369033
0.19,0.141398615,0.157613126,0.149111138
0.34,0.289044584,0.302106975,0.264736873
0.11,0.023162751,0.052133878,0.102885505
0.53,0.575044143,0.577948134,0.54308044
0.04,0.145077049,0.156582941,0.139301157
0.21,0.15095881,0.168527673,0.14569952
0.37,0.281451027,0.292128966,0.265961709
0.18,0.204479003,0.218033048,0.225508371
0.15,0.225749049,0.230487711,0.171642924
0.88,0.599021506,0.604497802,0.633812303
0.2,0.700735423,0.699509059,0.600444443
0.22,0.297401527,0.287442146,0.169941268
0.06,0.104085492,0.105136887,0.122898213
0.08,0.059276643,0.071682468,0.106136998
0.11,0.18527054,0.192198588,0.165206247
0.38,0.340444107,0.329397536,0.33877577
0.08,0.067579856,0.073277466,0.11742678
0.29,0.234735862,0.226825234,0.22143749
0.36,0.398205727,0.332805214,0.444714073
0.09,0.133648604,0.14803475,0.136924645
0.1,0.200427763,0.207605798,0.212202417
0.05,0.094890983,0.108113171,0.129008401
0.23,0.246031801,0.2609638,0.235745716
0.15,0.171794517,0.179914231,0.154398193
0.3,0.274100477,0.271079281,0.227916042
0.03,0.104806579,0.110420975,0.124352343
0.19,0.077557746,0.096942608,0.120166274
0.04,0.115654052,0.111058938,0.104594025
0.15,0.029614393,0.054216594,0.096829932
0.01,0.117992812,0.131941835,0.130853855
0.08,0.016486665,0.019727643,0.09263608
0.5,0.17682333,0.188272206,0.187499431
0.16,0.163652046,0.172738753,0.112253164
0.16,0.164915634,0.173705632,0.193470956
0.22,0.331354522,0.296034021,0.325931895
0.08,0.126094481,0.13071546,0.129463951
0.14,0.150605456,0.146047558,0.129360306
0.05,0.191296937,0.165825322,0.165963371
0.41,0.623298693,0.609208213,0.651349819
0.09,0.220672245,0.23005076,0.175000773
0.26,0.257022437,0.25297492,0.188892735
0.67,0.544242566,0.506808435,0.605485902
0.05,0.068997175,0.085031951,0.119952461
0.17,0.131892436,0.152128628,0.141204936
0.29,0.161301267,0.162114987,0.170226105
0.54,0.262664107,0.253389174,0.263313865
0.1,0.029461342,0.049510272,0.11172106
0.63,0.537307964,0.491493109,0.529904623
0.2,0.172513761,0.18912913,0.154302916
0.29,0.268006318,0.263102789,0.284760902
0.27,0.340611795,0.350153957,0.300352493
0.13,0.419254779,0.368225198,0.325584835
0.16,0.311603007,0.307436832,0.223300328
0.32,0.362219036,0.341940461,0.365274665
0.11,0.151932182,0.166006972,0.150471647
0.13,0.131048461,0.131719347,0.151613885
0.29,0.401193674,0.377624631,0.364997623
0.09,0.125815615,0.148127448,0.124169255
0.08,0.095386983,0.092773465,0.122821739
0.17,0.265188788,0.273749093,0.232686585
0.17,0.182527303,0.193000689,0.169997692
0.02,-0.019328939,-0.014348906,0.058293664
0.12,0.174644355,0.151302966,0.161169164
0.04,0.000662131,0.011000268,0.067630721
0.03,0.04971887,0.061673652,0.114148307
0.14,0.050356462,0.076443015,0.134750504
0.04,0.044817847,0.076904301,0.086305238
0.04,0.051003258,0.068008695,0.071986092
0.06,0.094934336,0.101110877,0.093871656
0.2,0.218217626,0.213629495,0.22514854
0.08,0.15748516,0.174309251,0.154383668
0.56,0.38202757,0.366868834,0.359427166
0.14,0.292275661,0.29198436,0.26895988
0.12,0.203308813,0.21134557,0.199717691
0.16,0.308490182,0.285821621,0.260142582
0.16,0.135944676,0.142014909,0.152291337
0.15,0.187850169,0.190409264,0.1753183
0.2,0.299419391,0.292988468,0.247343865
0.06,0.141129202,0.164890329,0.118425429
0.18,-0.006808191,0.004240854,0.085363617
0.23,0.387239542,0.397146652,0.446503576
0.18,0.068250862,0.089017809,0.113222985
0.26,0.166619114,0.171405972,0.167485838
0.11,0.134930034,0.142417227,0.157612671
0.04,0.147624,0.13805537,0.158235614
0.48,0.643346273,0.485123187,0.579477222
0.03,0.0330362,0.050028563,0.105321918
0.3,0.34365095,0.348576482,0.328252914
1,0.500244776,0.502149408,0.519864058
0.34,0.236727232,0.232417278,0.232565295
0.1,0.120279649,0.108184108,0.169618609
0.02,0.100706996,0.109546658,0.138548954
0.02,0.284957403,0.289370788,0.230426594
0.32,0.366684587,0.370229404,0.379851923
0.45,0.566239811,0.555778236,0.593804734
0.6,0.626764555,0.603612589,0.699852115
0.69,0.555415704,0.516713433,0.589736556
0.3,0.35616901,0.290573074,0.368884487
0.04,-0.019181605,0.003245521,0.103336642
0.19,0.459423177,0.436927558,0.470268955
0.75,0.695968955,0.550530902,0.649751404
0.53,0.286366426,0.30113286,0.271855201
0.22,0.273793358,0.268510057,0.271634998
0.3,0.232109137,0.23318266,0.238109153
0.04,0.050434778,0.068391246,0.105096751
0.52,0.383967698,0.420856997,0.229196632
0.09,0.182555482,0.184821213,0.151024371
0.08,0.066599539,0.078797182,0.103871875
0.25,0.172773772,0.170265338,0.149025266
0.04,0.053500246,0.059786547,0.107616427
0.16,0.270944682,0.263250386,0.262952868
0.28,0.200824829,0.212554785,0.152847727
0.07,0.110092816,0.124703712,0.125215893
0.03,-0.004746842,0.031607856,0.109471057
0.56,0.37595994,0.362575637,0.413393416
0.14,0.037522394,0.062751114,0.093170202
0.14,0.302810164,0.323006081,0.305819495
0.02,0.017703611,0.041709074,0.103374409
0.04,0.021160867,0.044047588,0.10993152
0.19,0.603955825,0.601267931,0.503670144
0.09,0.133847865,0.148531657,0.144139074
0.45,0.409203411,0.395752954,0.480788725
0.23,0.410197197,0.414618133,0.456098543
0.19,0.164156829,0.172631602,0.155006023
0.48,0.434192909,0.411855701,0.379638229